,代码,最新价
0,873223,21.78
1,301257,43.54
2,301378,38.5
3,300955,31.85
4,300450,35.51
5,301326,128.22
6,301357,182.16
7,300972,211.8
8,688006,25.74
9,301177,35.12
10,833523,31.98
11,688066,38.72
12,873690,35.25
13,688228,153.8
14,300111,4.61
15,688201,14.71
16,831832,27.0
17,300035,21.2
18,688411,127.77
19,688131,68.48
20,835185,26.09
21,688299,23.45
22,301529,82.86
23,688095,90.27
24,688235,278.0
25,688535,113.01
26,688286,94.39
27,301662,111.66
28,688155,62.6
29,301489,208.0
30,688168,108.88
31,688073,67.11
32,300642,30.88
33,688692,285.99
34,300750,306.18
35,688237,46.23
36,300394,198.53
37,600226,3.69
38,000839,3.06
39,002564,9.19
40,300465,23.42
41,002692,6.14
42,000796,5.92
43,600545,2.96
44,600711,8.66
45,002277,8.34
46,603316,9.54
47,603020,10.87
48,603177,14.5
49,002074,36.47
50,002156,33.09
51,603659,22.42
52,002484,33.31
53,603032,20.56
54,600521,24.17
55,605298,30.65
56,603590,56.17
57,600846,11.21
58,601717,20.45
59,600176,15.61
60,601869,91.25
61,605133,41.23
62,002436,21.0
63,300457,26.15
64,000920,13.19
65,601606,69.17
66,605255,47.19
67,002048,27.28
68,603381,25.3
69,600928,4.18
70,002989,33.22
71,600259,72.51
72,000831,58.32
73,603595,23.35
74,002735,17.28
75,603948,29.17
76,600673,22.47
77,603231,19.59
78,601579,24.44
79,605138,8.7
80,601138,53.83
81,605288,78.91
82,603583,42.81
83,600319,8.48
84,001301,60.31
85,002053,14.99
86,603612,26.22
87,002115,10.47
88,002953,16.1
89,002210,3.53
90,002530,11.7
91,600712,7.84
92,601333,3.21
93,601929,4.55
94,002256,3.22
95,301235,37.78
96,003010,66.36
97,300990,82.13
98,600114,30.81
99,600392,27.2
100,300852,39.55
101,301487,23.69
102,300842,50.61
103,873833,22.73
104,688202,64.21
105,605580,21.08
106,688577,119.7
107,601698,25.3
108,688172,24.61
109,688778,58.39
110,300953,141.2
111,300797,20.2
112,831768,14.1
113,688331,90.88
114,002384,66.02
115,300636,8.79
116,300875,55.69
117,603722,56.46
118,603045,20.7
119,689009,73.15
120,688336,52.6
121,688229,82.68
122,603259,103.3
123,688222,25.86
124,688013,55.9
125,603665,26.85
126,688317,27.17
127,603119,76.15
128,688603,91.18
129,000901,19.87
130,302132,101.95
131,603919,22.07
132,603091,63.93
133,002847,74.51
134,301590,185.14
135,837174,22.04
136,002190,51.88
137,301138,41.8
138,600967,25.72
139,300389,15.78
140,301080,58.61
141,300559,15.39
142,300765,53.38
143,002463,68.79
144,838275,11.87
145,000960,21.85
146,603200,75.74
147,300045,26.26
148,688036,90.01
149,603920,39.67
150,688303,32.19
151,688101,16.03
152,300969,89.44
153,688205,125.0
154,002448,10.65
155,300487,55.11
156,836247,32.52
157,600362,27.9
158,688215,68.8
159,688592,52.03
160,301055,24.96
161,600160,38.69
162,300014,57.19
163,002651,15.0
164,002946,19.77
165,301488,123.05
166,601689,62.61
167,300011,8.39
168,603255,35.01
169,301015,26.4
170,600301,31.86
171,301448,42.42
172,300756,36.65
173,836239,37.99
174,300985,20.18
175,300073,48.18
176,300769,38.26
177,300368,16.55
178,002768,48.28
179,688343,99.92
180,600418,54.45
181,300922,27.23
182,000408,53.91
183,000534,17.7
184,688567,18.42
185,603569,9.36
186,000988,68.42
187,688379,63.2
188,002195,8.55
189,002916,198.0
190,301057,24.25
191,688668,135.0
192,600206,22.75
193,301397,47.99
194,002846,16.65
195,830779,43.8
196,300363,24.58
197,002379,18.43
198,603170,14.59
199,603936,11.79
200,600702,68.38
201,688386,70.1
202,002446,8.85
203,002887,9.05
204,002125,14.1
205,000926,3.04
206,600592,25.65
207,002664,27.43
208,300491,38.64
209,300539,31.85
210,300043,5.25
211,603610,16.51
212,836720,16.59
213,300832,62.42
214,600435,17.35
215,300790,29.67
216,833284,27.18
217,688552,45.91
218,837344,30.77
219,300648,51.92
220,603117,5.77
221,600397,8.4
222,688598,31.98
223,002759,10.67
224,300019,22.84
225,301316,64.0
226,688186,29.24
227,300965,80.2
228,601336,68.24
229,301196,103.08
230,300950,29.95
231,301381,22.76
232,000657,20.68
233,300518,14.7
234,688170,38.86
235,600882,27.71
236,688499,57.14
237,000056,2.78
238,688125,44.69
239,832522,59.68
240,000799,68.26
241,832885,26.6
242,301065,24.23
243,835508,29.89
244,301108,32.4
245,000962,21.96
246,688218,28.42
247,301389,76.3
248,301070,50.34
249,002241,36.72
250,000711,1.85
251,002231,4.33
252,003006,30.68
253,300703,32.76
254,873152,20.42
255,002620,5.57
256,600107,5.99
257,600276,66.23
258,603398,6.22
259,600381,4.97
260,300258,14.53
261,300963,20.34
262,688573,28.85
263,002265,40.76
264,002938,59.8
265,301283,45.68
266,301021,39.05
267,002709,21.51
268,600696,6.68
269,002168,4.81
270,688005,24.73
271,688295,26.0
272,601100,89.42
273,003017,33.75
274,002058,16.77
275,002602,15.53
276,600777,4.43
277,002167,13.74
278,300591,11.82
279,605068,23.93
280,300121,15.88
281,688310,19.67
282,688275,48.44
283,600605,34.16
284,301061,105.2
285,603505,17.41
286,001222,25.27
287,600593,34.65
288,301518,25.73
289,600193,4.47
290,300593,20.0
291,301608,96.82
292,603773,36.0
293,301096,57.58
294,002305,3.23
295,000426,21.33
296,000793,2.59
297,603380,43.44
298,603238,22.97
299,600329,46.11
300,603661,31.75
301,600330,9.5
302,301076,54.59
303,603269,12.01
304,600113,59.13
305,002882,32.39
306,688799,51.35
307,837006,35.83
308,835237,23.71
309,300807,43.6
310,603057,26.05
311,688008,122.9
312,000932,5.94
313,688062,48.0
314,600489,15.97
315,600345,32.42
316,688472,10.12
317,002174,16.99
318,603915,16.86
319,300285,22.9
320,603217,19.97
321,000410,7.21
322,603099,44.9
323,300716,9.82
324,601069,19.92
325,300296,7.26
326,000596,171.3
327,000892,5.18
328,300455,19.81
329,600478,6.14
330,832982,312.48
331,831305,22.4
332,001328,42.0
333,688350,23.66
334,688301,120.7
335,603222,11.52
336,300973,50.39
337,002594,114.06
338,002850,138.9
339,600698,13.04
340,300810,53.94
341,603037,13.91
342,833914,35.52
343,000709,2.47
344,603993,12.36
345,601127,136.91
346,000055,4.47
347,600843,12.16
348,000807,19.39
349,603979,63.75
350,300581,22.18
351,600156,9.96
352,301258,35.88
353,300357,31.35
354,300619,29.69
355,688108,33.19
356,603173,53.49
357,830839,43.11
358,600130,4.06
359,836221,21.96
360,301630,205.92
361,688271,141.8
362,000833,13.04
363,301206,30.67
364,600651,7.93
365,301263,36.72
366,300473,32.42
367,000683,6.69
368,688708,84.6
369,000061,8.77
370,002561,9.3
371,300861,17.38
372,600021,15.31
373,600076,2.85
374,301356,19.5
375,000599,5.72
376,002460,39.92
377,300669,34.84
378,301121,50.01
379,000519,21.78
380,001221,54.08
381,605117,64.65
382,688607,32.12
383,300931,10.0
384,002389,26.12
385,873679,24.0
386,301162,57.29
387,002758,9.51
388,003019,41.01
389,300709,52.85
390,603111,7.68
391,603124,90.03
392,600539,11.68
393,301150,31.1
394,688151,24.24
395,300207,24.55
396,301219,67.73
397,002539,11.52
398,000721,10.43
399,001238,55.29
400,300399,33.85
401,603893,246.3
402,002848,8.91
403,002085,18.87
404,002251,5.93
405,688639,37.32
406,600168,5.14
407,833394,46.41
408,603379,61.51
409,300072,3.8
410,688388,30.08
411,605033,24.79
412,688619,17.55
413,688177,32.14
414,835174,60.66
415,430047,26.98
416,603508,34.14
417,600315,27.3
418,300590,14.78
419,600549,30.78
420,002580,14.52
421,300244,18.15
422,300600,19.27
423,002342,8.68
424,000009,9.8
425,002517,23.27
426,605020,30.9
427,600059,10.4
428,603486,96.89
429,688353,33.85
430,000737,12.7
431,301152,27.41
432,688377,33.6
433,002926,10.82
434,002258,12.83
435,002253,10.88
436,301238,19.19
437,603301,24.3
438,002960,10.87
439,688031,60.6
440,301365,19.26
441,300454,129.5
442,300568,12.68
443,002345,14.76
444,605123,75.19
445,688621,73.54
446,605088,37.86
447,300696,29.38
448,600782,4.07
449,301358,36.19
450,600988,25.97
451,603360,26.35
452,600281,7.04
453,603013,24.42
454,688084,86.3
455,003020,33.12
456,300919,37.41
457,600884,11.61
458,603033,11.88
459,688231,22.02
460,300956,18.17
461,300999,33.66
462,300438,28.3
463,603261,21.76
464,600577,9.26
465,600415,22.5
466,832089,18.59
467,000630,4.51
468,688433,44.9
469,600287,6.34
470,688443,33.02
471,300059,28.91
472,002957,18.25
473,002657,45.49
474,603288,41.44
475,002912,30.8
476,600459,17.15
477,002532,10.09
478,300584,56.88
479,300530,36.35
480,603262,32.28
481,300199,26.91
482,301053,36.1
483,000893,33.88
484,300741,19.89
485,000975,19.63
486,688302,60.11
487,688648,63.64
488,301498,97.6
489,002821,106.92
490,688265,62.09
491,605166,12.9
492,001218,19.22
493,000878,14.86
494,002558,31.6
495,002897,46.73
496,836208,29.45
497,300115,26.27
498,605499,308.94
499,603876,10.16
500,300093,14.92
501,002627,6.03
502,002545,10.16
503,605196,21.7
504,000858,129.53
505,834415,18.83
506,832651,34.55
507,600559,18.19
508,688121,15.0
509,300988,23.7
510,600295,10.57
511,688506,334.5
512,001267,14.45
513,600366,17.35
514,301220,48.36
515,832978,34.88
516,300905,33.25
517,300476,267.29
518,000603,17.41
519,688819,29.96
520,601066,28.36
521,688788,71.57
522,300791,26.2
523,603129,266.69
524,600416,17.19
525,603799,48.05
526,600887,28.57
527,003026,39.0
528,830809,5.86
529,600879,12.05
530,600722,7.19
531,002575,8.83
532,688257,18.06
533,603663,27.39
534,300755,18.46
535,300174,17.49
536,002024,1.99
537,300415,25.23
538,601319,8.98
539,002078,15.36
540,836270,18.73
541,688116,51.22
542,300980,24.18
543,301232,38.6
544,300886,32.04
545,920106,99.53
546,831627,27.37
547,605266,21.31
548,000830,14.55
549,002765,13.55
550,920029,103.52
551,300890,30.95
552,603813,18.81
553,000792,20.28
554,301082,18.86
555,688518,24.42
556,837023,19.27
557,300149,12.73
558,002428,29.95
559,600835,29.75
560,605108,21.1
561,002815,17.7
562,300007,45.1
563,003043,49.91
564,688117,42.25
565,688127,34.59
566,603836,13.95
567,000638,4.89
568,002697,5.95
569,301333,52.99
570,603520,11.64
571,600628,7.75
572,832735,41.59
573,300652,59.15
574,300037,47.2
575,600250,12.07
576,600064,8.15
577,600358,5.67
578,839273,47.42
579,688690,28.84
580,301327,66.52
581,688195,71.25
582,688543,56.98
583,002669,14.05
584,430556,11.6
585,300844,57.67
586,873706,25.88
587,002294,50.35
588,002028,87.6
589,688136,44.32
590,600955,14.7
591,600977,13.94
592,301004,65.58
593,688428,28.7
594,300759,30.26
595,300213,11.08
596,603007,4.8
597,688553,24.76
598,000995,14.8
599,301370,11.48
600,002741,21.12
601,603686,18.57
602,300328,18.24
603,688658,27.53
604,300068,17.11
605,300238,16.75
606,002348,3.73
607,839719,16.08
608,300558,70.67
609,688722,23.21
610,603903,10.15
611,301295,30.49
612,002707,8.29
613,301110,69.54
614,002466,43.96
615,001400,78.39
616,000888,14.48
617,301200,94.06
618,000609,4.2
619,430017,21.07
620,688566,37.2
621,300492,67.96
622,300618,41.53
623,688630,146.1
624,301186,45.15
625,839946,10.03
626,002612,18.19
627,300414,13.97
628,000411,11.64
629,603655,38.8
630,002812,32.3
631,301631,93.15
632,600289,6.62
633,600372,12.86
634,001270,47.24
635,300204,53.34
636,301362,52.08
637,831689,41.55
638,000969,14.49
639,603068,47.93
640,688559,34.56
641,603040,66.1
642,002981,33.37
643,870199,41.86
644,600184,21.29
645,603079,17.77
646,600499,11.82
647,300585,16.24
648,601168,18.65
649,000568,137.19
650,603716,33.95
651,430478,24.55
652,300410,8.84
653,603199,38.16
654,688239,37.91
655,600165,4.03
656,688297,59.26
657,600426,27.43
658,300570,139.69
659,002057,11.75
660,603062,54.28
661,300725,44.34
662,003009,60.99
663,002933,37.62
664,603203,30.99
665,605589,33.1
666,603337,49.73
667,300736,13.11
668,600039,8.66
669,601899,23.08
670,300643,25.61
671,600833,13.26
672,002311,61.5
673,603090,34.79
674,002402,40.73
675,600230,13.71
676,601208,19.88
677,688707,15.4
678,002857,30.02
679,600110,7.11
680,600787,6.27
681,600853,4.18
682,300436,134.61
683,688337,39.65
684,603900,10.92
685,605378,25.14
686,002020,18.86
687,603456,18.09
688,871642,18.95
689,301303,17.37
690,000695,12.34
691,688657,58.55
692,688789,75.85
693,300537,27.71
694,002895,26.88
695,002884,17.6
696,688118,30.97
697,688236,22.35
698,300196,16.77
699,600391,31.77
700,603296,98.35
701,603909,10.85
702,601991,3.49
703,601702,17.88
704,002407,13.49
705,688091,69.18
706,603926,14.89
707,601700,4.81
708,002891,59.44
709,688190,108.48
710,600519,1480.0
711,603699,33.21
712,688088,56.25
713,300701,12.29
714,605158,9.21
715,002624,16.66
716,600438,22.03
717,688180,44.99
718,872931,18.21
719,301237,37.87
720,301075,45.42
721,600506,22.64
722,300819,26.39
723,002773,40.26
724,603215,21.93
725,300599,8.04
726,601020,25.56
727,600367,16.12
728,688046,17.5
729,301588,20.81
730,605389,45.27
731,688221,17.67
732,300388,7.76
733,600809,202.02
734,002374,2.75
735,002544,27.06
736,601858,21.53
737,300690,36.65
738,688683,31.12
739,688261,78.0
740,603982,9.16
741,301331,35.94
742,000933,19.31
743,002244,10.57
744,000555,15.25
745,688772,22.75
746,600676,6.03
747,600191,8.81
748,600976,42.43
749,603131,21.89
750,300727,39.87
751,002438,13.67
752,300761,19.79
753,301120,15.62
754,000608,1.89
755,601777,11.82
756,831396,11.82
757,600760,63.47
758,300889,20.84
759,000049,24.65
760,002262,24.74
761,002516,5.7
762,002922,23.28
763,002715,23.01
764,603011,16.82
765,605016,21.14
766,688293,53.7
767,300945,18.72
768,301335,35.5
769,002501,2.41
770,603928,17.45
771,002192,35.3
772,300382,14.58
773,002900,14.58
774,300567,70.5
775,688122,62.36
776,603198,45.58
777,831961,29.4
778,832469,16.21
779,002185,11.84
780,300453,9.9
781,603225,15.33
782,603093,23.36
783,000025,18.0
784,688696,128.36
785,603906,14.49
786,603087,72.93
787,601311,10.05
788,600885,26.18
789,300951,39.7
790,603969,9.59
791,688063,53.61
792,301349,37.29
793,688676,60.04
794,838971,37.49
795,603319,37.54
796,001219,14.69
797,836826,13.21
798,833266,11.15
799,600054,12.22
800,600984,3.59
801,002738,41.43
802,688382,38.5
803,003022,20.13
804,688193,54.56
805,000978,6.69
806,688503,51.01
807,603619,19.57
808,002511,8.77
809,688148,5.7
810,000423,51.88
811,688392,82.99
812,002062,7.78
813,300390,20.21
814,600496,3.64
815,002675,16.71
816,603185,19.86
817,002941,15.69
818,301133,26.1
819,001283,78.31
820,300770,47.2
821,688456,50.46
822,603638,18.95
823,300063,9.47
824,300805,11.63
825,002956,21.81
826,001332,37.63
827,688321,36.55
828,300650,16.5
829,300722,38.39
830,000758,6.94
831,600118,39.64
832,000553,6.98
833,600616,5.9
834,000895,25.22
835,300132,6.45
836,300977,19.3
837,300788,33.21
838,300896,193.98
839,603959,5.39
840,600993,28.02
841,605151,19.98
842,605050,15.12
843,603026,37.8
844,301296,9.72
845,002928,9.2
846,603127,31.39
847,833455,10.27
848,600053,18.41
849,688669,23.99
850,920008,37.31
851,603966,11.48
852,300532,13.68
853,600741,19.15
854,600660,65.66
855,002346,15.94
856,002915,27.03
857,603955,39.01
858,600151,8.82
859,000753,7.17
860,873576,31.99
861,300501,15.53
862,000419,6.08
863,688533,29.42
864,600482,23.9
865,688357,34.0
866,301550,100.29
867,688510,24.5
868,603733,25.04
869,605099,32.42
870,002133,3.36
871,601518,2.79
872,600338,12.4
873,600551,8.98
874,002818,12.36
875,600629,15.15
876,002001,24.9
877,839792,13.6
878,002824,20.4
879,002683,34.2
880,601326,3.42
881,001203,12.03
882,002240,17.12
883,600576,8.02
884,301187,31.45
885,836871,17.18
886,832000,21.13
887,605388,8.07
888,601318,59.88
889,688169,214.89
890,600936,4.03
891,300243,10.95
892,603808,8.06
893,600763,47.14
894,688629,93.83
895,300827,24.89
896,603008,18.59
897,301018,79.24
898,605338,22.81
899,601233,14.67
900,001229,35.92
901,300763,67.63
902,603027,12.33
903,603602,16.42
904,000612,8.88
905,301353,25.97
906,300006,4.73
907,000762,21.95
908,600078,6.55
909,600436,209.22
910,301079,30.38
911,688628,36.9
912,871263,21.46
913,688319,29.78
914,601860,2.98
915,301192,32.63
916,301592,152.85
917,002461,10.77
918,002082,9.55
919,002755,24.05
920,605006,8.41
921,301112,46.22
922,300124,75.03
923,300418,42.0
924,002921,16.28
925,603929,42.77
926,688141,36.4
927,688371,24.75
928,603179,49.95
929,300016,9.75
930,601298,8.5
931,605028,23.09
932,002293,8.58
933,600729,29.37
934,601012,17.17
935,300751,90.36
936,600199,11.12
937,688383,73.94
938,600507,5.58
939,688291,39.13
940,920111,29.14
941,300419,6.83
942,600178,14.22
943,603005,32.98
944,600409,6.23
945,000768,28.88
946,601226,6.9
947,301092,31.45
948,605128,39.0
949,688779,6.26
950,000973,6.95
951,600355,3.79
952,300342,20.23
953,600138,10.19
954,688513,65.53
955,301137,31.91
956,600600,69.5
957,688733,27.7
958,600197,16.12
959,301277,14.16
960,300475,42.14
961,300082,7.74
962,002056,18.93
963,600636,8.47
964,002211,3.26
965,300498,18.19
966,688636,38.6
967,301626,151.11
968,301261,87.17
969,837663,23.54
970,600444,17.76
971,002096,13.88
972,600141,27.73
973,000782,5.94
974,600243,4.63
975,603527,11.3
976,300962,17.95
977,600742,10.6
978,688599,16.57
979,600859,14.67
980,600562,29.4
981,001202,14.67
982,600150,37.38
983,002459,12.66
984,301210,47.5
985,688562,19.35
986,601696,16.15
987,603232,16.14
988,002632,10.09
989,600608,4.03
990,600908,6.1
991,600734,4.07
992,688627,105.4
993,301081,10.25
994,301129,29.33
995,002159,15.7
996,603589,34.68
997,601618,3.41
998,301193,20.4
999,301418,38.86
1000,600533,2.74
1001,002233,8.93
1002,002270,19.26
1003,688258,69.97
1004,002672,4.81
1005,002629,6.85
1006,600456,32.93
1007,603306,55.1
1008,832786,11.05
1009,688314,38.07
1010,600730,9.65
1011,601628,42.08
1012,003030,19.38
1013,000959,4.16
1014,300033,413.14
1015,688625,34.39
1016,833171,10.49
1017,002368,30.04
1018,002608,7.76
1019,002304,73.91
1020,688059,70.66
1021,601212,3.52
1022,000751,3.53
1023,688028,25.32
1024,300695,104.27
1025,300712,25.61
1026,871553,11.38
1027,600183,53.25
1028,002970,50.26
1029,688298,27.84
1030,605060,25.65
1031,002841,42.24
1032,688435,37.85
1033,920108,17.12
1034,838402,12.14
1035,600793,25.01
1036,600538,6.47
1037,002044,5.74
1038,688185,82.44
1039,831010,14.4
1040,839371,11.62
1041,002318,22.52
1042,002901,55.02
1043,688622,98.27
1044,600510,7.25
1045,002312,11.69
1046,603809,15.34
1047,002286,11.66
1048,603983,40.75
1049,600862,25.55
1050,002756,35.15
1051,002271,11.76
1052,600323,26.4
1053,603182,13.95
1054,300180,8.81
1055,002223,37.44
1056,600733,8.84
1057,688192,76.74
1058,002237,12.6
1059,000685,10.39
1060,603369,43.29
1061,002691,8.94
1062,000661,103.06
1063,301300,40.62
1064,002859,30.8
1065,600071,23.3
1066,002622,3.75
1067,300836,43.58
1068,000060,5.25
1069,000099,24.72
1070,300484,22.74
1071,002805,12.83
1072,600285,23.43
1073,688345,29.54
1074,839729,10.55
1075,873122,43.49
1076,601816,5.34
1077,601633,25.85
1078,600135,7.6
1079,603978,16.75
1080,002019,15.33
1081,300850,36.06
1082,605286,42.32
1083,300684,36.76
1084,603166,18.43
1085,002043,10.77
1086,301665,30.75
1087,300801,23.26
1088,832491,31.9
1089,603551,12.46
1090,605259,26.55
1091,300468,45.86
1092,002497,14.01
1093,301059,11.8
1094,000565,8.67
1095,001299,12.56
1096,300139,19.73
1097,300191,20.56
1098,600082,3.97
1099,688360,22.12
1100,300877,26.1
1101,603155,16.7
1102,603298,23.22
1103,001208,12.07
1104,603358,43.3
1105,001260,20.1
1106,835438,52.3
1107,603667,39.47
1108,301131,50.73
1109,002978,33.23
1110,002068,11.38
1111,002315,51.07
1112,300496,79.03
1113,300879,38.47
1114,688663,33.4
1115,600721,8.95
1116,300176,7.33
1117,600235,6.53
1118,603786,58.99
1119,301178,55.15
1120,603997,12.39
1121,300901,17.3
1122,002004,4.93
1123,301111,16.65
1124,300792,29.76
1125,301125,19.86
1126,601880,1.66
1127,002837,80.0
1128,002690,20.0
1129,300930,31.71
1130,833751,21.69
1131,301073,25.18
1132,600745,43.43
1133,603308,27.7
1134,000786,26.7
1135,300001,24.47
1136,002170,10.99
1137,301031,93.1
1138,002670,19.53
1139,601567,23.03
1140,002717,1.7
1141,002353,47.44
1142,002646,10.18
1143,600111,56.81
1144,300276,11.04
1145,600779,47.04
1146,688109,41.95
1147,301229,22.27
1148,300888,42.36
1149,002825,10.37
1150,301130,31.15
1151,605268,10.4
1152,603136,12.95
1153,002550,10.35
1154,002441,9.59
1155,600273,8.69
1156,300731,50.39
1157,001206,25.27
1158,600088,18.33
1159,600033,3.49
1160,000898,2.65
1161,301293,60.8
1162,300065,21.08
1163,300740,23.0
1164,600714,12.52
1165,871396,33.22
1166,603662,72.19
1167,002392,8.03
1168,002660,9.87
1169,834770,19.85
1170,002110,4.51
1171,600547,33.36
1172,603399,9.99
1173,002189,26.39
1174,301502,57.3
1175,603901,10.91
1176,834765,17.32
1177,600611,6.41
1178,002033,9.18
1179,833580,14.64
1180,000090,3.66
1181,000908,5.49
1182,000923,14.7
1183,000869,22.29
1184,001337,24.07
1185,002829,24.04
1186,000703,6.49
1187,600166,2.77
1188,002538,5.56
1189,832023,4.66
1190,603648,11.2
1191,600097,11.26
1192,833346,29.82
1193,600055,17.73
1194,688223,5.67
1195,430510,21.65
1196,002481,5.67
1197,600861,20.72
1198,300625,12.32
1199,000756,16.0
1200,600282,4.78
1201,600901,5.72
1202,002215,12.43
1203,600238,6.76
1204,300546,28.77
1205,600548,10.59
1206,002679,9.59
1207,688184,10.73
1208,603290,109.16
1209,000729,12.6
1210,002568,28.14
1211,603613,29.16
1212,301069,22.65
1213,002155,20.67
1214,002948,4.91
1215,300173,5.86
1216,688606,72.92
1217,002176,8.87
1218,301267,20.79
1219,600353,17.89
1220,002588,9.91
1221,002871,19.87
1222,600196,28.84
1223,301089,32.7
1224,603789,6.02
1225,002269,2.0
1226,600983,11.0
1227,603937,10.99
1228,300680,43.14
1229,600266,5.0
1230,600690,26.26
1231,301225,75.0
1232,300551,12.08
1233,301315,55.8
1234,600127,7.06
1235,300490,9.1
1236,603102,42.73
1237,002514,6.11
1238,001979,9.15
1239,002443,7.16
1240,300541,17.35
1241,600503,3.07
1242,002603,16.38
1243,600066,27.62
1244,001286,9.17
1245,300702,26.81
1246,605009,40.39
1247,000825,4.14
1248,600241,8.22
1249,301367,90.78
1250,600395,5.13
1251,300015,13.4
1252,002808,5.15
1253,301587,22.77
1254,601933,5.18
1255,002852,11.43
1256,300910,61.66
1257,600038,40.43
1258,003011,20.95
1259,300398,24.3
1260,600378,30.37
1261,000006,7.34
1262,000529,6.28
1263,002961,23.17
1264,603701,19.99
1265,688026,18.95
1266,000963,44.3
1267,600596,10.6
1268,002737,15.99
1269,605507,23.49
1270,600389,25.39
1271,300609,52.95
1272,002559,10.58
1273,834033,19.31
1274,300519,16.19
1275,603194,40.86
1276,000783,8.55
1277,002370,6.41
1278,601601,40.31
1279,601857,8.72
1280,600645,26.16
1281,920819,4.33
1282,002069,4.36
1283,603207,33.92
1284,600706,11.02
1285,830946,12.05
1286,603165,12.1
1287,600597,8.79
1288,600152,6.57
1289,002462,14.22
1290,830879,26.65
1291,300993,16.63
1292,600573,12.21
1293,920098,34.31
1294,001316,34.35
1295,603881,33.33
1296,301230,37.89
1297,300159,3.38
1298,601519,16.86
1299,601595,31.41
1300,688129,24.67
1301,301100,19.01
1302,837403,28.1
1303,002289,29.12
1304,920167,20.08
1305,001216,15.61
1306,603680,13.53
1307,600075,4.55
1308,871753,28.39
1309,000610,13.59
1310,601598,5.67
1311,300195,7.97
1312,000902,14.96
1313,430425,26.44
1314,000957,11.52
1315,601228,3.44
1316,000019,6.97
1317,601958,15.0
1318,605577,13.94
1319,600838,9.24
1320,300587,8.11
1321,603833,55.34
1322,002713,4.63
1323,600989,17.35
1324,430090,9.27
1325,600261,3.47
1326,688099,100.03
1327,688176,11.58
1328,600386,4.66
1329,605100,28.17
1330,601188,3.52
1331,600732,15.2
1332,603867,29.4
1333,600960,4.77
1334,300374,17.8
1335,603868,39.33
1336,605167,10.71
1337,300406,14.3
1338,688372,82.3
1339,600563,122.79
1340,001389,77.21
1341,002097,15.68
1342,000566,6.01
1343,603815,9.65
1344,000504,9.56
1345,600867,8.41
1346,688373,7.19
1347,002714,54.96
1348,838701,23.9
1349,000068,3.63
1350,600208,4.86
1351,300957,47.3
1352,603886,13.31
1353,688557,37.85
1354,600708,3.65
1355,603828,4.84
1356,301609,50.25
1357,600873,11.06
1358,002555,19.69
1359,834599,22.23
1360,000513,40.4
1361,600765,17.25
1362,300633,33.03
1363,603529,36.7
1364,000417,6.17
1365,600105,11.13
1366,688279,206.4
1367,870656,18.78
1368,002789,8.68
1369,300119,22.42
1370,600480,13.77
1371,002929,54.43
1372,301117,35.29
1373,301158,18.88
1374,688266,102.01
1375,002971,26.42
1376,603130,38.89
1377,000778,3.83
1378,835892,21.65
1379,600900,28.09
1380,301429,19.09
1381,002226,6.38
1382,002243,8.96
1383,000430,7.61
1384,300257,14.12
1385,300189,5.08
1386,603167,10.38
1387,301459,45.23
1388,601061,9.02
1389,301039,9.1
1390,688531,61.22
1391,603043,17.0
1392,301632,33.82
1393,603861,10.45
1394,000738,21.09
1395,300048,6.61
1396,600757,9.25
1397,000999,30.43
1398,300900,21.29
1399,688093,41.25
1400,002130,26.46
1401,603489,28.06
1402,601187,6.7
1403,601121,6.72
1404,603567,12.12
1405,300872,28.03
1406,301091,34.76
1407,688075,40.22
1408,600167,6.79
1409,873169,38.37
1410,301163,28.62
1411,002573,4.08
1412,301188,19.1
1413,603887,19.03
1414,002008,37.46
1415,600257,5.5
1416,002716,5.51
1417,300785,35.65
1418,300789,28.99
1419,300610,12.37
1420,688538,2.77
1421,600668,12.41
1422,688112,38.65
1423,603559,8.24
1424,600322,2.8
1425,603866,5.62
1426,603089,15.36
1427,300190,4.17
1428,603025,16.89
1429,301020,23.79
1430,002086,2.79
1431,000717,2.81
1432,832175,12.55
1433,000538,57.58
1434,836422,14.12
1435,603429,9.9
1436,603477,21.15
1437,300286,24.05
1438,601881,18.51
1439,601107,5.66
1440,002601,18.59
1441,603801,10.05
1442,600821,5.79
1443,603392,58.64
1444,002337,5.74
1445,600382,5.75
1446,600004,10.01
1447,000028,25.8
1448,002221,8.74
1449,603050,16.08
1450,002126,39.21
1451,600824,4.37
1452,688596,41.13
1453,300413,26.08
1454,000089,7.26
1455,600309,68.6
1456,300813,32.63
1457,600011,7.38
1458,688580,52.96
1459,601398,7.43
1460,000550,20.7
1461,000937,6.0
1462,601658,6.04
1463,300469,55.72
1464,300371,13.59
1465,603053,10.51
1466,600132,55.43
1467,002839,4.52
1468,600497,6.05
1469,002025,54.2
1470,920682,10.6
1471,688583,106.03
1472,301118,24.37
1473,605369,19.9
1474,688137,42.77
1475,920088,38.39
1476,002157,3.06
1477,002393,24.52
1478,603036,21.37
1479,301560,38.23
1480,603051,20.17
1481,603009,47.76
1482,833575,17.01
1483,301013,18.7
1484,603338,54.36
1485,000623,20.47
1486,688548,10.98
1487,603325,98.0
1488,301047,74.19
1489,300773,28.3
1490,836675,12.5
1491,600502,4.76
1492,831906,30.28
1493,002050,31.88
1494,300681,31.8
1495,301292,19.07
1496,300984,58.85
1497,603877,14.42
1498,600221,1.59
1499,600419,11.12
1500,603169,8.0
1501,000989,11.45
1502,600493,6.54
1503,603787,12.98
1504,688300,60.16
1505,000031,3.25
1506,002560,8.16
1507,002917,14.62
1508,001226,35.72
1509,002822,3.25
1510,600933,19.67
1511,301006,16.42
1512,002975,48.0
1513,002216,11.47
1514,002724,8.27
1515,002722,18.2
1516,601098,13.16
1517,600689,13.19
1518,600685,29.48
1519,002027,8.31
1520,000676,11.6
1521,002161,8.2
1522,603897,26.9
1523,600305,8.4
1524,301203,31.79
1525,872351,28.4
1526,301371,26.72
1527,000776,21.88
1528,603698,18.34
1529,603191,15.19
1530,688578,114.0
1531,600258,15.25
1532,002896,92.77
1533,300400,25.7
1534,688339,23.84
1535,300095,10.26
1536,871694,22.01
1537,002958,3.42
1538,002386,5.11
1539,300109,18.92
1540,601921,8.6
1541,300563,43.25
1542,002598,12.17
1543,688033,6.89
1544,002059,5.2
1545,688139,33.0
1546,003004,19.24
1547,831278,12.16
1548,600148,21.14
1549,300833,38.72
1550,600143,15.98
1551,002299,17.74
1552,300866,140.23
1553,688680,47.75
1554,301398,46.86
1555,301052,77.21
1556,603977,12.58
1557,002357,10.71
1558,834261,16.35
1559,838030,7.29
1560,001201,16.46
1561,002965,43.84
1562,603755,27.26
1563,002478,5.52
1564,600189,7.37
1565,605208,14.78
1566,835184,27.89
1567,000862,5.6
1568,603721,20.58
1569,688584,26.22
1570,601888,69.29
1571,601668,5.59
1572,603373,57.18
1573,600136,1.91
1574,920101,50.76
1575,001318,15.1
1576,000597,5.65
1577,600872,19.12
1578,300254,11.37
1579,300745,20.84
1580,600084,5.64
1581,002108,3.77
1582,603706,21.1
1583,870726,17.36
1584,000524,13.41
1585,603080,21.21
1586,002076,1.95
1587,603568,19.27
1588,003816,3.84
1589,600513,23.25
1590,603112,17.55
1591,600218,9.86
1592,605500,9.83
1593,000868,5.87
1594,002375,3.97
1595,871970,9.93
1596,600863,4.05
1597,002783,10.15
1598,688208,42.52
1599,001338,12.07
1600,000559,7.99
1601,603811,14.1
1602,000789,6.07
1603,601890,10.23
1604,605007,12.25
1605,300705,18.53
1606,920019,24.48
1607,833533,34.55
1608,600941,109.5
1609,600776,12.29
1610,301508,35.11
1611,600109,10.31
1612,600686,12.52
1613,002414,12.56
1614,600298,39.61
1615,603766,12.64
1616,300321,33.6
1617,603885,12.6
1618,002936,2.08
1619,000725,4.23
1620,300908,31.67
1621,836547,27.32
1622,301127,14.52
1623,920116,76.36
1624,603806,15.01
1625,603348,21.5
1626,603685,19.23
1627,603022,10.7
1628,300404,10.88
1629,002731,13.01
1630,603276,17.66
1631,300044,4.34
1632,605339,17.51
1633,301227,34.63
1634,605077,19.74
1635,832566,13.32
1636,002988,44.21
1637,002322,13.46
1638,300452,13.33
1639,688410,15.57
1640,605089,26.52
1641,601677,13.46
1642,003021,122.34
1643,000697,8.87
1644,601966,15.62
1645,000972,4.45
1646,688611,40.48
1647,300527,9.01
1648,002775,4.43
1649,300979,52.99
1650,002469,9.07
1651,600572,4.53
1652,002644,9.1
1653,000488,2.26
1654,688212,48.42
1655,834062,11.63
1656,600848,9.35
1657,688334,18.78
1658,001217,11.63
1659,000860,16.43
1660,601330,7.03
1661,002182,14.08
1662,300290,25.89
1663,603281,25.57
1664,300256,4.72
1665,601801,6.94
1666,836419,14.18
1667,688267,28.98
1668,002181,7.23
1669,002423,14.29
1670,000688,14.26
1671,688278,83.08
1672,002581,7.29
1673,600980,29.44
1674,002083,4.91
1675,600990,31.81
1676,301419,34.33
1677,688563,58.2
1678,002671,4.87
1679,601728,7.61
1680,601865,17.76
1681,301022,42.15
1682,001311,22.49
1683,001227,2.48
1684,002472,37.26
1685,605058,29.92
1686,300100,47.19
1687,601118,5.21
1688,688716,46.12
1689,688401,44.2
1690,873339,10.2
1691,600007,20.55
1692,001313,7.72
1693,002245,18.0
1694,300723,66.39
1695,601388,2.59
1696,601007,7.83
1697,600699,21.22
1698,002317,21.37
1699,600814,8.01
1700,600216,15.66
1701,300187,5.22
1702,600299,10.58
1703,920016,24.17
1704,830964,8.18
1705,600328,8.15
1706,870204,21.56
1707,002865,46.39
1708,002572,13.78
1709,600316,41.3
1710,000629,2.79
1711,603488,8.42
1712,605333,33.3
1713,301189,33.92
1714,301591,44.23
1715,300596,36.39
1716,002556,5.72
1717,002222,46.23
1718,600893,40.37
1719,600251,8.51
1720,301520,43.38
1721,600470,5.72
1722,300085,57.5
1723,600185,5.75
1724,300502,356.2
1725,688247,11.5
1726,002727,14.69
1727,300733,20.67
1728,834639,8.98
1729,000672,8.96
1730,300175,5.83
1731,301017,12.1
1732,605305,36.85
1733,600582,6.17
1734,000885,15.08
1735,002309,3.18
1736,601997,6.19
1737,600865,9.34
1738,688315,15.57
1739,002206,6.32
1740,688210,42.36
1741,600820,6.45
1742,688500,73.52
1743,300821,9.86
1744,300140,6.46
1745,002032,51.43
1746,300387,9.61
1747,603345,74.3
1748,000680,9.63
1749,002292,9.81
1750,920005,51.88
1751,300274,99.87
1752,603159,20.0
1753,301035,77.85
1754,002507,13.36
1755,000002,6.79
1756,601038,13.29
1757,603826,20.03
1758,600892,3.29
1759,603917,13.27
1760,300163,3.51
1761,000422,13.99
1762,000333,73.71
1763,600678,10.27
1764,301268,24.26
1765,603059,31.21
1766,301019,17.3
1767,002006,17.75
1768,002111,10.85
1769,600308,3.58
1770,001333,21.12
1771,603896,21.45
1772,600326,14.49
1773,600280,3.61
1774,600352,10.56
1775,002796,14.43
1776,002138,32.58
1777,002570,7.18
1778,300628,37.79
1779,002014,11.3
1780,301123,47.94
1781,000007,7.56
1782,000428,3.66
1783,603530,29.35
1784,301160,66.12
1785,002329,3.73
1786,002060,3.65
1787,603097,22.19
1788,301097,44.42
1789,002693,7.78
1790,836395,15.27
1791,603988,23.28
1792,300775,27.23
1793,603839,7.75
1794,002487,34.75
1795,000521,7.68
1796,600694,19.08
1797,301503,42.52
1798,603633,11.89
1799,000798,8.06
1800,600790,3.98
1801,833230,16.01
1802,000970,15.85
1803,300146,12.26
1804,000987,8.05
1805,600855,15.82
1806,000739,15.9
1807,600916,8.18
1808,601969,8.13
1809,831152,20.45
1810,300885,23.65
1811,601225,20.38
1812,601456,12.23
1813,836504,29.35
1814,002760,20.95
1815,002689,4.14
1816,000698,4.25
1817,603501,143.23
1818,601065,8.46
1819,600615,12.78
1820,601200,8.3
1821,002849,16.75
1822,002160,4.4
1823,000420,4.39
1824,000848,8.68
1825,600060,22.1
1826,000547,8.78
1827,300694,13.05
1828,301281,35.52
1829,688029,91.4
1830,600970,9.22
1831,003023,23.0
1832,000572,4.65
1833,600081,13.78
1834,000883,4.63
1835,601126,18.11
1836,000042,9.14
1837,601778,4.48
1838,002465,14.62
1839,603950,33.57
1840,002678,4.77
1841,601952,9.74
1842,603086,9.65
1843,600429,4.88
1844,002807,4.8
1845,002827,42.51
1846,002778,20.34
1847,301033,80.35
1848,300331,25.69
1849,603278,10.17
1850,601155,14.83
1851,300697,15.26
1852,000301,9.83
1853,688665,60.62
1854,601177,19.61
1855,605177,19.84
1856,600363,66.75
1857,002493,10.02
1858,688335,15.25
1859,688076,42.8
1860,301166,31.95
1861,838810,16.09
1862,000516,5.27
1863,688162,31.89
1864,300555,10.59
1865,300217,5.35
1866,300268,10.88
1867,601995,38.55
1868,301617,62.6
1869,301149,11.26
1870,002153,11.05
1871,301077,22.89
1872,688689,27.18
1873,603299,11.11
1874,688612,39.88
1875,832278,11.22
1876,603350,40.48
1877,002873,12.02
1878,603688,40.6
1879,603277,17.4
1880,603995,18.14
1881,301368,70.42
1882,300335,5.96
1883,600619,24.1
1884,600029,6.04
1885,600125,5.91
1886,301211,12.55
1887,002746,6.36
1888,300829,18.94
1889,002015,12.6
1890,600775,12.67
1891,301613,56.98
1892,600985,12.46
1893,300233,19.15
1894,600860,12.73
1895,002399,12.9
1896,603015,12.21
1897,603383,46.21
1898,603506,13.52
1899,300586,13.55
1900,300440,13.17
1901,600428,6.68
1902,000928,6.59
1903,002488,13.3
1904,301306,59.01
1905,002030,6.75
1906,300086,6.68
1907,301413,118.2
1908,000600,7.24
1909,301285,51.02
1910,920002,125.9
1911,600359,7.09
1912,603082,41.94
1913,301507,14.52
1914,603718,7.15
1915,002688,7.1
1916,000800,7.15
1917,001258,7.05
1918,002367,7.29
1919,002287,27.93
1920,300403,15.89
1921,600897,14.96
1922,600177,7.49
1923,002275,15.11
1924,920037,93.99
1925,300467,22.92
1926,601766,7.67
1927,603609,8.67
1928,003002,25.22
1929,001211,24.91
1930,002799,8.43
1931,603138,16.81
1932,001696,25.74
1933,833075,32.24
1934,603321,8.15
1935,301115,16.17
1936,830832,8.46
1937,002851,89.01
1938,300144,8.75
1939,301209,87.3
1940,838262,26.86
1941,301248,27.7
1942,603214,19.17
1943,603558,9.93
1944,601963,9.84
1945,002648,20.09
1946,688623,67.77
1947,001231,20.42
1948,600995,10.3
1949,603307,39.29
1950,002864,29.7
1951,001234,23.43
1952,600056,10.86
1953,002383,10.91
1954,002968,10.7
1955,301122,21.92
1956,300118,10.72
1957,601898,11.34
1958,600479,10.92
1959,300482,22.3
1960,001236,12.51
1961,688251,24.49
1962,605376,49.18
1963,600566,25.82
1964,688586,12.27
1965,002695,12.6
1966,688375,64.77
1967,301589,175.8
1968,605300,13.91
1969,603305,14.49
1970,688389,14.16
1971,600458,14.5
1972,603271,40.33
1973,920027,30.5
1974,300411,13.89
1975,300616,13.36
1976,831304,14.03
1977,430476,28.41
1978,605118,31.03
1979,002875,17.0
1980,301181,31.18
1981,872541,16.66
1982,603883,18.03
1983,603069,20.11
1984,603156,21.36
1985,300446,18.33
1986,300847,19.15
1987,600096,27.21
1988,300101,26.6
1989,837592,50.1
1990,603816,29.2
1991,688027,331.59
1992,002869,30.81
1993,002779,101.85
1994,301043,34.63
1995,002335,57.81
1996,300408,44.22
1997,600048,7.96
1998,000735,6.33
1999,002907,17.27
2000,600020,4.45
2001,830974,8.88
2002,000767,3.05
2003,600635,4.16
2004,600965,5.2
2005,002306,1.87
2006,601186,8.13
2007,300009,11.22
2008,600575,3.5
2009,000155,10.19
2010,600433,3.13
2011,002391,6.21
2012,600217,4.43
2013,600399,5.57
2014,600383,4.08
2015,603309,14.11
2016,688110,118.0
2017,872925,27.91
2018,600236,6.32
2019,000153,6.74
2020,601279,4.13
2021,002471,4.75
2022,600343,15.03
2023,600278,7.96
2024,002452,7.42
2025,002442,6.45
2026,002434,8.44
2027,920128,34.5
2028,300883,6.48
2029,688089,28.82
2030,601288,7.02
2031,300298,20.95
2032,603668,13.99
2033,600108,3.0
2034,002969,3.5
2035,600569,2.2
2036,000677,5.38
2037,002515,7.21
2038,002327,7.34
2039,000655,8.82
2040,000639,3.2
2041,603208,14.9
2042,600098,6.61
2043,003018,12.17
2044,600461,9.04
2045,000598,6.82
2046,600123,6.63
2047,003025,14.28
2048,000582,8.41
2049,603538,26.04
2050,000560,3.07
2051,000552,2.48
2052,000543,7.19
2053,600469,6.17
2054,301600,123.3
2055,600966,5.23
2056,600642,8.08
2057,601018,3.63
2058,600803,18.8
2059,002574,5.65
2060,002263,3.47
2061,002273,27.82
2062,601158,4.72
2063,688521,153.0
2064,002567,4.87
2065,600780,5.89
2066,600768,12.27
2067,001230,24.67
2068,600759,2.34
2069,002557,22.37
2070,001210,15.37
2071,001205,16.09
2072,002836,9.3
2073,601111,7.55
2074,688591,52.88
2075,600716,3.91
2076,002283,6.9
2077,301222,29.15
2078,688478,41.79
2079,000935,20.13
2080,601015,3.49
2081,600963,4.78
2082,002639,11.05
2083,600956,7.71
2084,002136,10.93
2085,605222,16.97
2086,601990,8.81
2087,600925,4.98
2088,600917,5.74
2089,600971,6.79
2090,688347,78.5
2091,002630,2.78
2092,605299,9.5
2093,600894,10.32
2094,600888,7.47
2095,002175,4.84
2096,600857,13.48
2097,002721,3.87
2098,600829,8.18
2099,300685,23.56
2100,603105,8.92
2101,000998,9.98
2102,000899,9.58
2103,300536,10.21
2104,002533,11.49
2105,600675,3.0
2106,002866,18.13
2107,603818,4.11
2108,603788,17.0
2109,688698,55.81
2110,300724,98.76
2111,300049,65.0
2112,002415,31.17
2113,300837,24.22
2114,688338,26.99
2115,300818,26.31
2116,603341,45.19
2117,300923,26.06
2118,688613,20.0
2119,301311,21.02
2120,301156,19.14
2121,002991,58.17
2122,002653,55.46
2123,688677,43.61
2124,600182,15.43
2125,603368,18.17
2126,688484,48.97
2127,002046,33.38
2128,688102,17.31
2129,600030,31.48
2130,603016,26.75
2131,688311,43.11
2132,300171,14.44
2133,688717,68.41
2134,603580,14.82
2135,603639,14.98
2136,301246,14.62
2137,002802,13.85
2138,605098,35.96
2139,301078,12.4
2140,603737,48.66
2141,600380,12.42
2142,002422,36.46
2143,300932,11.97
2144,000795,12.24
2145,688348,49.08
2146,836717,12.41
2147,000922,11.78
2148,301301,11.84
2149,603696,13.09
2150,002911,11.68
2151,600830,10.58
2152,600648,11.58
2153,300106,11.69
2154,833781,11.05
2155,688329,21.04
2156,002840,10.98
2157,002893,11.37
2158,000581,22.51
2159,831855,21.46
2160,002372,10.78
2161,688017,150.76
2162,600546,9.87
2163,001317,51.05
2164,600827,9.88
2165,603528,9.57
2166,605368,10.04
2167,300503,30.42
2168,300488,36.71
2169,301280,53.6
2170,001326,37.9
2171,603728,64.43
2172,301312,55.4
2173,832802,18.97
2174,300580,27.29
2175,688526,18.38
2176,603585,18.83
2177,600501,24.23
2178,002749,16.13
2179,300444,8.03
2180,833427,16.35
2181,000921,25.43
2182,300848,16.66
2183,300997,17.09
2184,601108,8.67
2185,600073,7.52
2186,600598,14.89
2187,600927,15.63
2188,002326,15.11
2189,300008,7.4
2190,688610,71.51
2191,603588,7.0
2192,002324,14.39
2193,603409,35.45
2194,688188,153.1
2195,600057,7.13
2196,300898,28.51
2197,002801,36.75
2198,600918,7.21
2199,688600,22.07
2200,833429,21.05
2201,300002,13.8
2202,920082,21.98
2203,000919,7.11
2204,000505,6.66
2205,688418,33.26
2206,300845,12.93
2207,002483,6.7
2208,601139,6.65
2209,001872,20.52
2210,002208,6.77
2211,600116,6.73
2212,600753,6.8
2213,000541,6.88
2214,603838,6.7
2215,002274,6.73
2216,002107,6.65
2217,600313,6.46
2218,600487,20.48
2219,000531,6.52
2220,002420,6.76
2221,600819,6.24
2222,002198,6.32
2223,002940,49.42
2224,601918,6.38
2225,002942,18.79
2226,600388,12.43
2227,000909,6.08
2228,300511,6.3
2229,000403,17.7
2230,002088,11.6
2231,600249,5.8
2232,301213,64.42
2233,000498,6.02
2234,600346,17.61
2235,603351,29.01
2236,301207,17.97
2237,002319,11.85
2238,001215,29.15
2239,301278,34.69
2240,600267,10.8
2241,688617,284.37
2242,301291,44.87
2243,601928,11.28
2244,600662,5.5
2245,002563,5.47
2246,601528,5.61
2247,001289,16.67
2248,001225,38.5
2249,300983,21.65
2250,300747,32.5
2251,601988,5.52
2252,000507,5.52
2253,000950,5.27
2254,600773,10.75
2255,600523,15.62
2256,000993,10.63
2257,600192,10.42
2258,002982,15.43
2259,600269,5.06
2260,688768,51.09
2261,002145,5.06
2262,603536,9.78
2263,002508,20.35
2264,002432,39.51
2265,836077,15.22
2266,603586,20.25
2267,000736,4.92
2268,688105,24.4
2269,001324,20.25
2270,870866,9.99
2271,600774,9.87
2272,601368,4.97
2273,688378,23.6
2274,600062,19.45
2275,301009,14.52
2276,600036,42.89
2277,301559,18.68
2278,300102,14.5
2279,600422,14.32
2280,001228,23.9
2281,301279,23.88
2282,600483,9.67
2283,603004,22.2
2284,603406,44.8
2285,002196,8.92
2286,688248,37.08
2287,301633,77.43
2288,002149,18.52
2289,688678,27.71
2290,000708,13.06
2291,300391,4.26
2292,002702,4.34
2293,603689,8.64
2294,873527,20.53
2295,001266,29.02
2296,002385,4.23
2297,603439,12.69
2298,688114,71.62
2299,600866,8.2
2300,000915,33.29
2301,300506,3.96
2302,002142,28.22
2303,300772,16.14
2304,002806,12.08
2305,002880,28.45
2306,000990,7.98
2307,000001,12.05
2308,601718,3.93
2309,600883,7.88
2310,688281,68.92
2311,600828,4.07
2312,600195,7.61
2313,837748,65.5
2314,002173,22.9
2315,002179,41.85
2316,002475,45.98
2317,601231,19.1
2318,000338,15.14
2319,605008,15.06
2320,600032,7.63
2321,603899,30.46
2322,603209,15.15
2323,688667,67.24
2324,600537,3.69
2325,002996,7.48
2326,870508,21.94
2327,601128,7.52
2328,831087,18.28
2329,002349,7.47
2330,002425,3.68
2331,603067,18.33
2332,301024,43.69
2333,688569,22.46
2334,603990,14.88
2335,603566,14.78
2336,430718,18.57
2337,603035,14.72
2338,600423,3.55
2339,000713,7.16
2340,000953,7.18
2341,688638,38.98
2342,001368,25.05
2343,600987,7.23
2344,600348,7.02
2345,603310,17.94
2346,002732,17.21
2347,300505,20.59
2348,600300,3.41
2349,002861,17.0
2350,603970,13.88
2351,300700,13.68
2352,300878,20.64
2353,002128,20.74
2354,600810,10.05
2355,603071,13.28
2356,002151,32.96
2357,688505,9.83
2358,300976,63.03
2359,002228,3.33
2360,603107,16.08
2361,601636,6.35
2362,603992,29.3
2363,000669,3.18
2364,000017,6.5
2365,600975,6.37
2366,600188,12.95
2367,002870,34.83
2368,002236,19.42
2369,000788,6.35
2370,600997,6.53
2371,600719,6.33
2372,000791,6.42
2373,300644,35.28
2374,002101,12.98
2375,600784,6.37
2376,600850,30.9
2377,000650,6.22
2378,837046,15.62
2379,600750,21.86
2380,000705,9.25
2381,300087,9.36
2382,688390,50.1
2383,301391,55.54
2384,688071,40.86
2385,300516,39.57
2386,600187,2.98
2387,600481,5.98
2388,002413,6.03
2389,600025,9.12
2390,000631,3.05
2391,832471,15.21
2392,002728,9.12
2393,600379,12.0
2394,603889,6.03
2395,601939,9.0
2396,001376,12.17
2397,603888,21.12
2398,688325,59.9
2399,601615,12.14
2400,002986,11.78
2401,603605,83.83
2402,603329,11.71
2403,002458,8.83
2404,300294,26.61
2405,301456,26.13
2406,000822,5.84
2407,603357,8.72
2408,603599,11.89
2409,301126,11.89
2410,600874,5.95
2411,300639,5.88
2412,603683,25.46
2413,002788,8.47
2414,002197,8.48
2415,600089,14.16
2416,002314,2.81
2417,301552,42.3
2418,301087,40.16
2419,301088,14.27
2420,601390,5.68
2421,600858,5.76
2422,301062,8.53
2423,301310,39.37
2424,600938,25.68
2425,300024,20.1
2426,600617,2.86
2427,301538,68.48
2428,002202,11.42
2429,603708,11.19
2430,688015,22.01
2431,300347,63.51
2432,301603,79.96
2433,002267,8.29
2434,300859,44.44
2435,002947,44.84
2436,002645,16.58
2437,688582,80.61
2438,600420,11.21
2439,301175,5.52
2440,600149,5.55
2441,001212,58.69
2442,600010,2.79
2443,002209,16.2
2444,603611,26.84
2445,600868,2.72
2446,600223,8.04
2447,000510,5.34
2448,600679,13.38
2449,002091,8.08
2450,688361,99.62
2451,000838,2.69
2452,300320,10.86
2453,002506,2.66
2454,301286,26.85
2455,834407,18.77
2456,002931,16.29
2457,600477,2.68
2458,831856,21.11
2459,600801,15.74
2460,601238,7.85
2461,601968,5.2
2462,600530,7.97
2463,603323,5.29
2464,600552,13.08
2465,920068,20.96
2466,601838,18.47
2467,603444,459.24
2468,000586,12.83
2469,605319,33.16
2470,002913,40.99
2471,832145,22.99
2472,000875,5.17
2473,601866,2.53
2474,300434,10.2
2475,002295,10.29
2476,600511,29.6
2477,001914,12.45
2478,600516,4.94
2479,605055,7.51
2480,301539,19.9
2481,301060,9.94
2482,002340,7.45
2483,600586,4.87
2484,002785,29.28
2485,601577,9.61
2486,688161,31.67
2487,002910,9.71
2488,603289,9.74
2489,688283,33.9
2490,603779,7.28
2491,000755,4.9
2492,300856,14.69
2493,002200,7.14
2494,603608,7.18
2495,600467,2.38
2496,000012,4.75
2497,002886,21.11
2498,688646,30.88
2499,003035,4.73
2500,688230,68.9
2501,603312,43.09
2502,000425,9.56
2503,603727,14.13
2504,605228,16.45
2505,001269,28.44
2506,002214,11.49
2507,688312,30.02
2508,601211,20.97
2509,600320,4.65
2510,600982,4.59
2511,605488,32.61
2512,601949,6.97
2513,603856,11.71
2514,688539,32.68
2515,600153,11.64
2516,603987,9.09
2517,600961,13.52
2518,605081,13.7
2519,003039,13.68
2520,000058,8.98
2521,603279,15.68
2522,000088,4.51
2523,688777,52.0
2524,300226,29.6
2525,600570,37.49
2526,600331,10.98
2527,603713,66.71
2528,600212,8.76
2529,300926,28.99
2530,603628,13.21
2531,600161,20.05
2532,003038,17.78
2533,002135,4.39
2534,603186,43.5
2535,300602,32.8
2536,000561,12.89
2537,300909,35.0
2538,603313,8.63
2539,600475,21.75
2540,603239,15.16
2541,605399,13.07
2542,600661,10.87
2543,600340,2.18
2544,600761,19.33
2545,002234,8.74
2546,300041,10.69
2547,001213,4.24
2548,300135,4.21
2549,600905,4.25
2550,688103,67.48
2551,603387,8.48
2552,601827,8.47
2553,300181,19.06
2554,605116,23.2
2555,000900,4.28
2556,600368,4.28
2557,300627,38.32
2558,301183,110.51
2559,002597,23.49
2560,002075,6.33
2561,605090,28.77
2562,600231,2.07
2563,300589,14.46
2564,836942,43.9
2565,300529,23.01
2566,001223,51.71
2567,300507,8.34
2568,300871,22.71
2569,300873,22.74
2570,002141,4.17
2571,300138,14.37
2572,000906,6.23
2573,002116,10.36
2574,603890,14.13
2575,002061,4.1
2576,600310,4.03
2577,601965,18.31
2578,600529,22.26
2579,300161,28.72
2580,600536,53.57
2581,600817,12.04
2582,605080,28.05
2583,301223,17.79
2584,002998,8.02
2585,600508,12.04
2586,301159,36.12
2587,002064,8.04
2588,600657,4.02
2589,603777,13.92
2590,002772,7.99
2591,000400,23.32
2592,600754,23.23
2593,003008,21.59
2594,301090,7.83
2595,688359,68.64
2596,002163,9.82
2597,300034,17.6
2598,601008,5.86
2599,688429,15.65
2600,688065,53.03
2601,600248,3.92
2602,002521,9.75
2603,600798,3.89
2604,300515,21.62
2605,600515,3.91
2606,600638,5.91
2607,688469,5.9
2608,003027,19.22
2609,688670,15.32
2610,002154,3.8
2611,600746,7.67
2612,300653,20.95
2613,002623,21.02
2614,002038,7.58
2615,838227,65.28
2616,300407,11.54
2617,301038,30.8
2618,002397,3.77
2619,002605,28.41
2620,000404,7.46
2621,002663,1.86
2622,301289,52.28
2623,300864,20.53
2624,600664,3.72
2625,600567,1.87
2626,002430,24.53
2627,603377,3.77
2628,001255,33.7
2629,600973,5.68
2630,430300,16.95
2631,300876,31.32
2632,300481,14.83
2633,600279,5.55
2634,000777,20.2
2635,603878,5.51
2636,688687,33.21
2637,688001,29.25
2638,600583,5.53
2639,002800,14.68
2640,002748,9.17
2641,000728,9.24
2642,601699,12.97
2643,688087,27.69
2644,300201,5.51
2645,603049,47.45
2646,300430,22.07
2647,002207,7.36
2648,300753,32.91
2649,002282,7.39
2650,301201,29.04
2651,603180,19.79
2652,000823,14.46
2653,300439,10.93
2654,600802,5.38
2655,000548,5.44
2656,601116,10.87
2657,000011,9.04
2658,300796,10.86
2659,600737,16.17
2660,600587,16.28
2661,002003,10.87
2662,301048,12.6
2663,600256,5.3
2664,688128,26.71
2665,300470,38.9
2666,688426,23.05
2667,300353,22.95
2668,603678,40.5
2669,600825,7.04
2670,000731,7.11
2671,300682,25.04
2672,300933,8.87
2673,002482,1.77
2674,002479,5.29
2675,688285,8.82
2676,301458,39.4
2677,600027,5.3
2678,003000,12.53
2679,002051,8.65
2680,301323,54.05
2681,002164,12.23
2682,300164,5.19
2683,002985,29.9
2684,600351,6.99
2685,002333,5.24
2686,002476,5.25
2687,600325,5.26
2688,300255,50.42
2689,002455,6.81
2690,600373,10.27
2691,600063,5.15
2692,002833,17.18
2693,603317,12.05
2694,300823,15.38
2695,002022,6.81
2696,002437,3.43
2697,601156,15.5
2698,003005,22.38
2699,836260,13.66
2700,688276,23.9
2701,002203,12.03
2702,300781,42.75
2703,600713,5.16
2704,688616,13.52
2705,603882,31.95
2706,835579,28.52
2707,301533,38.92
2708,603515,18.39
2709,002867,13.37
2710,600665,3.35
2711,600375,6.73
2712,002140,10.06
2713,002412,6.71
2714,603658,40.57
2715,603109,32.94
2716,001367,25.0
2717,600327,4.93
2718,300631,34.95
2719,300272,6.63
2720,600789,10.0
2721,600684,4.95
2722,002832,16.62
2723,688187,48.41
2724,000401,4.95
2725,600612,47.3
2726,000716,6.5
2727,002041,9.82
2728,600468,6.49
2729,000576,11.48
2730,831370,4.85
2731,000523,3.27
2732,300232,8.2
2733,000065,11.46
2734,601089,24.42
2735,688320,48.61
2736,600791,4.79
2737,600785,12.87
2738,003016,7.97
2739,000816,3.19
2740,600017,3.21
2741,000886,6.41
2742,600795,4.79
2743,301167,15.92
2744,688287,4.78
2745,003036,16.05
2746,002040,9.64
2747,002035,6.46
2748,000520,4.78
2749,002246,17.51
2750,301116,11.3
2751,603848,24.13
2752,301500,16.12
2753,688068,208.68
2754,603949,18.79
2755,600008,3.13
2756,000026,17.47
2757,300206,12.7
2758,301037,14.16
2759,002609,11.06
2760,301376,19.02
2761,600079,20.4
2762,000802,4.73
2763,002023,12.54
2764,300617,34.2
2765,002637,10.93
2766,605366,6.25
2767,000545,3.1
2768,300508,30.93
2769,002937,18.65
2770,300193,9.37
2771,601666,7.8
2772,301000,45.29
2773,601375,4.66
2774,603687,7.78
2775,603669,6.2
2776,301360,51.52
2777,002278,10.81
2778,300424,17.01
2779,003003,12.39
2780,000930,6.18
2781,300409,21.49
2782,002332,10.63
2783,000850,4.61
2784,605296,32.1
2785,600847,10.66
2786,002569,9.22
2787,002932,19.81
2788,300263,9.21
2789,300432,15.29
2790,002565,7.59
2791,300940,30.4
2792,301580,47.1
2793,603029,18.48
2794,301119,38.01
2795,839725,28.89
2796,002230,53.35
2797,001360,15.39
2798,002307,4.6
2799,603137,15.01
2800,603072,56.1
2801,301469,28.79
2802,002099,6.03
2803,000966,4.52
2804,300674,27.3
2805,603012,6.01
2806,300105,7.51
2807,600022,1.51
2808,601878,12.08
2809,603711,13.52
2810,002527,16.57
2811,002424,5.98
2812,603797,4.53
2813,601106,3.03
2814,603187,15.0
2815,838163,17.88
2816,688160,89.21
2817,688519,74.0
2818,002344,4.44
2819,000912,4.44
2820,002528,2.95
2821,605318,32.72
2822,601222,5.95
2823,603895,28.2
2824,301509,39.83
2825,688550,44.42
2826,831039,14.76
2827,603416,59.14
2828,300729,14.89
2829,603817,5.96
2830,600158,8.89
2831,301170,28.01
2832,002378,14.85
2833,600272,13.27
2834,002419,5.86
2835,000096,11.77
2836,688032,109.71
2837,601825,8.7
2838,688425,5.8
2839,605258,33.62
2840,300130,32.03
2841,603162,8.74
2842,601975,2.93
2843,600550,8.72
2844,002739,11.72
2845,601005,1.45
2846,300982,18.96
2847,603328,11.61
2848,600663,8.64
2849,600764,35.78
2850,600771,20.22
2851,000008,2.86
2852,300091,2.86
2853,688633,26.09
2854,002146,1.43
2855,600101,10.09
2856,870976,27.43
2857,601003,5.75
2858,600688,2.86
2859,002255,8.67
2860,002067,4.28
2861,000983,7.06
2862,600584,39.9
2863,600488,4.26
2864,000151,12.8
2865,688700,44.09
2866,600578,4.23
2867,600557,17.1
2868,601136,21.38
2869,603260,52.73
2870,603017,9.73
2871,600210,7.02
2872,603989,18.24
2873,300080,4.2
2874,603908,25.3
2875,300358,8.39
2876,688515,107.47
2877,603616,5.63
2878,301151,22.44
2879,000968,7.03
2880,601369,8.43
2881,603577,9.63
2882,688051,37.25
2883,600229,6.92
2884,002177,8.27
2885,000852,6.87
2886,688097,36.04
2887,002519,5.5
2888,000797,2.71
2889,002643,13.63
2890,603517,16.21
2891,603237,17.73
2892,600252,2.73
2893,600222,6.79
2894,301658,33.9
2895,834014,13.67
2896,603192,22.85
2897,603843,2.69
2898,688123,88.83
2899,603385,6.73
2900,603151,24.03
2901,002034,17.55
2902,600104,18.79
2903,600876,10.8
2904,603028,8.03
2905,002495,2.68
2906,002500,6.66
2907,600613,6.61
2908,000633,6.6
2909,000027,6.62
2910,002863,5.28
2911,002990,30.42
2912,688057,13.2
2913,000949,3.97
2914,601000,3.98
2915,002100,6.63
2916,600376,2.66
2917,001382,21.26
2918,688282,48.71
2919,601001,13.24
2920,300230,5.32
2921,603048,19.8
2922,300806,25.29
2923,603999,6.65
2924,920799,59.98
2925,600739,13.07
2926,601600,7.83
2927,300549,19.5
2928,300083,10.38
2929,600333,5.2
2930,600930,6.51
2931,603100,20.84
2932,002054,6.54
2933,301366,41.69
2934,300673,18.26
2935,600350,9.12
2936,603960,19.71
2937,001331,11.76
2938,301171,32.56
2939,603139,23.1
2940,002254,10.31
2941,300949,41.17
2942,301195,36.09
2943,688570,20.53
2944,603113,7.74
2945,301102,11.53
2946,002992,62.65
2947,301501,53.24
2948,688366,54.78
2949,600335,6.36
2950,000037,8.86
2951,603236,109.99
2952,600535,16.52
2953,000911,7.63
2954,002816,16.47
2955,300562,15.19
2956,600812,6.33
2957,601566,8.94
2958,002666,5.09
2959,688522,48.88
2960,601077,6.29
2961,688219,13.78
2962,003031,61.68
2963,600006,7.55
2964,002733,21.38
2965,605001,7.5
2966,301113,21.36
2967,301157,52.77
2968,600792,3.72
2969,301029,27.2
2970,688661,46.88
2971,003037,8.71
2972,300752,24.92
2973,301505,22.46
2974,002576,18.67
2975,600935,2.48
2976,301355,12.22
2977,603115,19.48
2978,002973,13.47
2979,600051,7.32
2980,301103,22.11
2981,300966,22.05
2982,600959,3.69
2983,002127,3.67
2984,600283,9.74
2985,601868,2.45
2986,002440,7.37
2987,603778,3.67
2988,838171,18.05
2989,300783,26.46
2990,002596,3.63
2991,002795,4.86
2992,836961,39.97
2993,002285,2.42
2994,600630,8.5
2995,002935,16.97
2996,600170,2.42
2997,300278,6.04
2998,605011,21.8
2999,000723,4.81
3000,600969,7.21
3001,002667,13.09
3002,600889,15.46
3003,300136,27.58
3004,600691,2.39
3005,301578,38.28
3006,002266,3.57
3007,601022,9.58
3008,301252,28.64
3009,002320,8.36
3010,603681,15.6
3011,000821,11.91
3012,002595,59.94
3013,000985,17.95
3014,600512,2.38
3015,600103,2.35
3016,002081,3.53
3017,300917,47.03
3018,835368,29.64
3019,002343,8.27
3020,002955,27.27
3021,002647,5.92
3022,000897,2.32
3023,600128,10.55
3024,600336,7.0
3025,600796,5.82
3026,002492,7.0
3027,002310,2.33
3028,301101,48.73
3029,600172,4.65
3030,000039,8.14
3031,601163,13.98
3032,601515,4.66
3033,300592,11.68
3034,000539,4.64
3035,000828,11.47
3036,836414,15.0
3037,300462,10.34
3038,603201,17.23
3039,600072,12.68
3040,300194,4.59
3041,600371,9.21
3042,000750,4.59
3043,300142,12.64
3044,300732,9.26
3045,002592,6.89
3046,688146,42.81
3047,002150,12.74
3048,301309,29.91
3049,603212,11.38
3050,603879,6.8
3051,688558,30.7
3052,002813,25.14
3053,600425,4.57
3054,300509,9.08
3055,002686,6.85
3056,301212,26.27
3057,001359,58.3
3058,300651,21.65
3059,603927,21.77
3060,300070,4.54
3061,600028,5.71
3062,920018,33.16
3063,002431,2.29
3064,002047,2.28
3065,002121,6.82
3066,002394,10.29
3067,300423,6.79
3068,002945,16.88
3069,002830,16.93
3070,603132,13.56
3071,688096,9.03
3072,836957,14.72
3073,601555,10.1
3074,301027,14.6
3075,300534,10.17
3076,603739,14.64
3077,002626,20.31
3078,002276,15.75
3079,000050,10.19
3080,873593,41.82
3081,002162,4.53
3082,300107,7.93
3083,603968,12.4
3084,000525,6.73
3085,002673,8.95
3086,002823,16.74
3087,300891,10.03
3088,600805,5.56
3089,600377,13.41
3090,688009,5.58
3091,300762,27.85
3092,000718,2.23
3093,600834,8.94
3094,600929,5.54
3095,603822,70.39
3096,300664,5.51
3097,603938,14.25
3098,002165,9.94
3099,600720,7.74
3100,300485,13.17
3101,601099,4.41
3102,600623,8.83
3103,688322,84.33
3104,000607,4.42
3105,688718,15.31
3106,000035,4.36
3107,000635,8.71
3108,601058,14.17
3109,300228,7.61
3110,000593,6.52
3111,605162,8.75
3112,300131,9.79
3113,000952,6.56
3114,300343,5.36
3115,300853,24.76
3116,600783,12.94
3117,603257,54.98
3118,001282,20.39
3119,002694,4.29
3120,000429,11.82
3121,603095,15.04
3122,603587,12.91
3123,601916,3.24
3124,300122,22.51
3125,300512,8.49
3126,600129,22.28
3127,603188,4.24
3128,002094,8.5
3129,000913,16.99
3130,600080,7.47
3131,301522,36.33
3132,001335,41.61
3133,603160,82.31
3134,688290,55.96
3135,301372,26.24
3136,002769,8.4
3137,920056,29.53
3138,600031,21.03
3139,000601,5.29
3140,002698,16.87
3141,688659,10.55
3142,603153,18.94
3143,300417,12.64
3144,603712,22.91
3145,000573,4.18
3146,600738,5.24
3147,301390,36.56
3148,002787,8.31
3149,002590,14.65
3150,688755,47.06
3151,300601,18.71
3152,301510,34.35
3153,000156,8.36
3154,300718,91.7
3155,300393,6.26
3156,000819,16.66
3157,600288,12.48
3158,600958,11.5
3159,603980,5.23
3160,300039,6.26
3161,603976,20.79
3162,603386,15.54
3163,605186,21.66
3164,603128,6.19
3165,300522,13.44
3166,600854,5.17
3167,002951,16.43
3168,301601,33.0
3169,300863,39.17
3170,002382,6.18
3171,600439,3.06
3172,002939,12.23
3173,002513,5.1
3174,600844,3.07
3175,600871,2.05
3176,603819,12.21
3177,002072,7.13
3178,002554,3.05
3179,300851,27.6
3180,688597,8.16
3181,300577,22.38
3182,600100,8.19
3183,600881,2.05
3184,600293,3.05
3185,000715,6.06
3186,000605,7.1
3187,002408,5.06
3188,871245,33.33
3189,600133,9.06
3190,600585,24.35
3191,600121,4.04
3192,600769,11.09
3193,301636,56.31
3194,002139,15.2
3195,300055,6.08
3196,002546,6.06
3197,001319,28.28
3198,600486,73.45
3199,002743,6.05
3200,603682,6.05
3201,300693,39.01
3202,000790,4.0
3203,300968,15.98
3204,300699,31.96
3205,002566,7.97
3206,002350,6.97
3207,688679,17.07
3208,000554,7.0
3209,002239,3.0
3210,603939,23.74
3211,000546,4.95
3212,601998,7.9
3213,688363,57.2
3214,002763,6.91
3215,688330,31.68
3216,300991,43.66
3217,301032,13.87
3218,002774,10.94
3219,000402,2.98
3220,002923,13.81
3221,002786,9.86
3222,871634,27.66
3223,300815,26.51
3224,600740,3.93
3225,000903,2.95
3226,600369,4.88
3227,603018,7.86
3228,300026,3.93
3229,001287,22.48
3230,002480,6.88
3231,600009,32.32
3232,300349,12.8
3233,002171,9.79
3234,001391,6.84
3235,603391,40.01
3236,300092,12.75
3237,603998,11.62
3238,000625,12.57
3239,000887,23.21
3240,603103,16.5
3241,002591,5.85
3242,603266,21.35
3243,002330,4.86
3244,000809,2.9
3245,002092,4.86
3246,603126,6.78
3247,688750,23.26
3248,000686,8.75
3249,836892,18.49
3250,301332,10.67
3251,601956,6.79
3252,600727,7.77
3253,301373,34.9
3254,601113,3.9
3255,301185,20.39
3256,832419,21.08
3257,300267,3.86
3258,300259,3.86
3259,688485,13.39
3260,000812,4.8
3261,001279,40.23
3262,000517,1.92
3263,603918,19.15
3264,603650,36.52
3265,603315,13.39
3266,601811,16.31
3267,002416,12.47
3268,002169,6.68
3269,600522,16.24
3270,600528,8.53
3271,300337,11.38
3272,300352,6.67
3273,688111,334.5
3274,300595,18.05
3275,688575,15.26
3276,603396,27.66
3277,601229,9.54
3278,300401,15.08
3279,300360,15.98
3280,001380,23.54
3281,600736,5.63
3282,601688,21.68
3283,688309,26.5
3284,600649,4.69
3285,002427,7.55
3286,603719,13.21
3287,300463,12.26
3288,600568,1.88
3289,002421,3.76
3290,002387,10.38
3291,688560,14.19
3292,600201,8.51
3293,600724,4.73
3294,603700,12.13
3295,003040,24.23
3296,603693,13.1
3297,002585,5.58
3298,301565,23.4
3299,000663,6.52
3300,688143,52.45
3301,002011,13.09
3302,834021,7.45
3303,001356,14.89
3304,001277,42.1
3305,920118,27.1
3306,301602,26.14
3307,600731,7.49
3308,688579,13.06
3309,601179,6.56
3310,001323,29.88
3311,603869,8.44
3312,300295,14.05
3313,300094,3.7
3314,002828,10.2
3315,600992,14.74
3316,603081,12.91
3317,688556,11.08
3318,600707,6.45
3319,301221,59.93
3320,600909,6.5
3321,002409,60.03
3322,000563,3.71
3323,002858,13.86
3324,002701,5.55
3325,603606,52.78
3326,300314,14.64
3327,300569,5.51
3328,600815,2.74
3329,603717,8.26
3330,002723,9.19
3331,002016,5.52
3332,002797,8.24
3333,300381,7.35
3334,002218,3.65
3335,600495,5.5
3336,002404,6.41
3337,688726,49.65
3338,600318,10.94
3339,600332,26.55
3340,603041,12.79
3341,600119,9.05
3342,300128,5.44
3343,000407,3.63
3344,600808,3.64
3345,002615,8.17
3346,301318,32.7
3347,688163,24.61
3348,000659,2.72
3349,688468,8.16
3350,300925,25.43
3351,300952,29.05
3352,300003,19.01
3353,300989,18.16
3354,601588,1.82
3355,000927,2.72
3356,301045,24.52
3357,301109,15.43
3358,000021,21.84
3359,000977,67.15
3360,688022,16.17
3361,300583,16.21
3362,000551,11.67
3363,688083,77.42
3364,000636,15.32
3365,600595,5.4
3366,300946,54.64
3367,002655,14.4
3368,688517,15.22
3369,603660,8.07
3370,000761,3.58
3371,600531,9.01
3372,002726,5.41
3373,600085,35.68
3374,000692,3.57
3375,603331,10.73
3376,000720,3.55
3377,300246,8.88
3378,002039,16.03
3379,600339,3.56
3380,301056,10.7
3381,600667,7.1
3382,300995,58.82
3383,601900,14.21
3384,002410,15.21
3385,002962,15.87
3386,002321,2.66
3387,002426,3.52
3388,300151,14.09
3389,688602,8.81
3390,301307,26.6
3391,000652,4.36
3392,601096,4.39
3393,600398,6.97
3394,600594,4.37
3395,301393,55.31
3396,000727,2.62
3397,833943,28.97
3398,688529,21.06
3399,002753,7.01
3400,301255,32.44
3401,603202,101.36
3402,002977,39.48
3403,601088,37.47
3404,603556,27.24
3405,300036,17.4
3406,600650,16.45
3407,000881,7.82
3408,603336,8.67
3409,300308,354.92
3410,688197,46.11
3411,300472,6.05
3412,600864,7.81
3413,301361,33.93
3414,002323,1.74
3415,688049,62.43
3416,001378,22.55
3417,300088,6.92
3418,603499,19.16
3419,600163,5.21
3420,870357,26.61
3421,000779,9.45
3422,001358,25.69
3423,000078,2.58
3424,002677,6.86
3425,301148,24.94
3426,002284,12.0
3427,000702,7.71
3428,600095,12.84
3429,300133,8.58
3430,300441,8.62
3431,300517,11.16
3432,301180,15.48
3433,002366,7.73
3434,002674,12.9
3435,600202,6.0
3436,300902,23.77
3437,300261,7.7
3438,300566,19.57
3439,603150,35.76
3440,688002,76.7
3441,001322,8.54
3442,002531,6.81
3443,002524,4.26
3444,688581,75.89
3445,603056,16.12
3446,000678,15.3
3447,688351,23.82
3448,300739,17.89
3449,600749,24.43
3450,301058,11.87
3451,688289,21.16
3452,301298,16.93
3453,605336,15.16
3454,600023,5.08
3455,002201,8.45
3456,600822,11.82
3457,300904,63.97
3458,300675,15.05
3459,838837,16.8
3460,603600,10.9
3461,002242,10.09
3462,688571,8.35
3463,000733,50.91
3464,002889,15.85
3465,002842,12.61
3466,002401,18.42
3467,600255,4.15
3468,002444,30.81
3469,301314,42.22
3470,002641,4.15
3471,603353,16.6
3472,300676,53.8
3473,002172,4.14
3474,600354,6.62
3475,834950,23.27
3476,601399,3.31
3477,600227,2.48
3478,000159,5.76
3479,300717,20.53
3480,002668,10.68
3481,601021,53.35
3482,002114,7.43
3483,002562,6.59
3484,300179,9.9
3485,603006,13.17
3486,002106,11.51
3487,300396,14.0
3488,002845,15.53
3489,601992,1.63
3490,300711,24.5
3491,603275,49.79
3492,603002,8.17
3493,301266,34.33
3494,000752,10.61
3495,300920,52.35
3496,688520,63.5
3497,600050,5.7
3498,002290,35.88
3499,002718,17.91
3500,000409,12.29
3501,873167,24.47
3502,688395,25.09
3503,601101,7.28
3504,300051,7.3
3505,603221,12.16
3506,301072,26.72
3507,300715,10.56
3508,000997,28.8
3509,301499,28.12
3510,002658,8.02
3511,002296,12.05
3512,603565,10.47
3513,600525,3.22
3514,831175,16.89
3515,301215,6.44
3516,000837,12.8
3517,002037,11.26
3518,000620,1.59
3519,301491,64.74
3520,688260,32.59
3521,300557,28.56
3522,603096,18.32
3523,301008,31.91
3524,000955,4.77
3525,603010,10.36
3526,688306,11.96
3527,603065,8.74
3528,603195,47.14
3529,002752,5.58
3530,300397,14.34
3531,000564,2.38
3532,601665,5.57
3533,002638,2.38
3534,000045,11.1
3535,688626,55.2
3536,603916,11.02
3537,002761,9.46
3538,600239,2.37
3539,300862,26.81
3540,301262,25.99
3541,601033,15.8
3542,301321,17.42
3543,603518,10.22
3544,688004,25.02
3545,603985,17.97
3546,002920,127.13
3547,300022,8.61
3548,300777,39.14
3549,688106,18.8
3550,603656,18.75
3551,000726,7.05
3552,000810,12.54
3553,000591,4.69
3554,300126,7.04
3555,601901,8.64
3556,600169,2.36
3557,603286,32.04
3558,300219,7.04
3559,301290,27.53
3560,300670,7.02
3561,688035,56.79
3562,688150,26.37
3563,000690,4.66
3564,601002,5.43
3565,600903,6.97
3566,688273,41.96
3567,301526,7.77
3568,688213,110.23
3569,001395,57.68
3570,600558,5.39
3571,600019,6.93
3572,601882,20.0
3573,003001,26.19
3574,600155,7.73
3575,601339,5.38
3576,000100,4.64
3577,601500,4.63
3578,605398,30.78
3579,002883,11.56
3580,002943,37.1
3581,688576,67.78
3582,601019,9.16
3583,600655,6.11
3584,002862,19.83
3585,688225,22.15
3586,301107,31.31
3587,603168,7.64
3588,688061,35.95
3589,002976,26.05
3590,002377,3.05
3591,002606,9.15
3592,600599,8.38
3593,688486,73.79
3594,603014,38.84
3595,601377,6.81
3596,002571,7.58
3597,601608,5.33
3598,603075,25.06
3599,300841,75.33
3600,600851,6.85
3601,002547,4.54
3602,872953,40.1
3603,300964,49.33
3604,300247,4.53
3605,600926,15.87
3606,301012,21.07
3607,603579,37.02
3608,600543,6.04
3609,300240,8.29
3610,002537,10.53
3611,600180,4.53
3612,600682,8.3
3613,002009,17.3
3614,873806,15.88
3615,601366,4.53
3616,002489,3.78
3617,300012,13.55
3618,002079,10.52
3619,600622,2.99
3620,603730,5.97
3621,605122,13.42
3622,002485,3.75
3623,600405,6.71
3624,688119,4.48
3625,600693,6.72
3626,002747,23.92
3627,601199,5.96
3628,301428,39.62
3629,601727,8.87
3630,002007,17.1
3631,002736,14.83
3632,301234,44.4
3633,832225,25.21
3634,300839,14.13
3635,002838,26.8
3636,300332,5.2
3637,601985,8.91
3638,600681,3.71
3639,301528,56.54
3640,300402,18.54
3641,002892,14.8
3642,600292,12.58
3643,603318,6.67
3644,301051,25.85
3645,688681,16.22
3646,301548,52.22
3647,300514,14.01
3648,001239,16.95
3649,300318,5.91
3650,688100,38.36
3651,301050,56.02
3652,000925,8.09
3653,603511,14.75
3654,871857,19.18
3655,600626,4.42
3656,300817,22.74
3657,000528,10.96
3658,601828,2.93
3659,600490,5.85
3660,600571,18.94
3661,001300,13.89
3662,688203,13.88
3663,300820,50.29
3664,002589,2.92
3665,001306,96.08
3666,601218,4.34
3667,002103,10.15
3668,603183,4.34
3669,002831,26.12
3670,300937,28.92
3671,300660,51.5
3672,002719,9.43
3673,002390,3.63
3674,600157,1.45
3675,000570,5.79
3676,688307,34.88
3677,002780,13.68
3678,300069,20.09
3679,605377,9.37
3680,688198,116.56
3681,600703,15.13
3682,688191,25.29
3683,002490,5.77
3684,601198,12.21
3685,002979,45.77
3686,600588,16.47
3687,002235,7.86
3688,002084,3.57
3689,002543,12.13
3690,000421,6.42
3691,603282,18.53
3692,002616,6.44
3693,001379,21.42
3694,301399,20.8
3695,000707,6.42
3696,002303,4.3
3697,301536,67.21
3698,300958,12.8
3699,688479,19.92
3700,002782,16.33
3701,603707,11.32
3702,605178,23.43
3703,002301,7.1
3704,300497,9.94
3705,831726,21.3
3706,002906,31.83
3707,300611,25.59
3708,002205,13.49
3709,002300,6.34
3710,839790,49.4
3711,601800,9.16
3712,002338,54.25
3713,002548,4.22
3714,600743,2.12
3715,688019,175.6
3716,002696,6.36
3717,301551,50.04
3718,002853,11.96
3719,688656,123.68
3720,603123,14.13
3721,300300,5.64
3722,600906,7.72
3723,601011,2.81
3724,601512,8.46
3725,300784,55.45
3726,603258,22.42
3727,300867,17.48
3728,300960,30.11
3729,002810,14.02
3730,837242,38.59
3731,688211,34.86
3732,002129,8.38
3733,601808,14.01
3734,605003,23.76
3735,002077,15.95
3736,600302,6.92
3737,873703,16.0
3738,002730,17.3
3739,002541,17.39
3740,002388,4.85
3741,300941,27.14
3742,603120,42.43
3743,000829,10.45
3744,601009,11.12
3745,600939,3.46
3746,603790,18.64
3747,300907,35.93
3748,301408,13.8
3749,002860,13.14
3750,301512,44.94
3751,301299,64.89
3752,002510,6.87
3753,870299,19.35
3754,600312,15.81
3755,300816,37.9
3756,300215,6.2
3757,000626,6.88
3758,600527,2.07
3759,000859,6.88
3760,002583,13.14
3761,603270,26.7
3762,300277,12.99
3763,000863,3.43
3764,300310,6.85
3765,688067,25.34
3766,002984,19.84
3767,002381,6.85
3768,002247,2.74
3769,301313,26.74
3770,002297,9.55
3771,002302,6.84
3772,002650,6.86
3773,836149,15.08
3774,002734,19.85
3775,300692,6.85
3776,300726,39.13
3777,000166,5.46
3778,000029,28.66
3779,603023,4.12
3780,603967,11.59
3781,300172,5.43
3782,688016,108.58
3783,601789,5.43
3784,600173,6.1
3785,300251,19.76
3786,600518,2.04
3787,001336,21.79
3788,603657,41.19
3789,002451,6.75
3790,301272,46.0
3791,601236,9.47
3792,832171,29.69
3793,600117,3.38
3794,300160,6.09
3795,002908,11.5
3796,000882,2.02
3797,833873,8.08
3798,688323,16.06
3799,002631,4.68
3800,002980,25.41
3801,301336,57.49
3802,300351,18.14
3803,603189,22.75
3804,002578,3.35
3805,600448,3.34
3806,603332,16.1
3807,002031,8.07
3808,000501,10.74
3809,601607,18.67
3810,000856,11.28
3811,000910,7.99
3812,871478,29.9
3813,002042,5.33
3814,832110,39.88
3815,002925,18.65
3816,002486,2.67
3817,300158,8.68
3818,601010,2.66
3819,301302,25.94
3820,300607,35.95
3821,603810,15.32
3822,301571,51.47
3823,600476,17.83
3824,603507,27.7
3825,301282,28.52
3826,000656,1.32
3827,688475,36.35
3828,688720,49.71
3829,003028,32.37
3830,688466,23.18
3831,873665,14.58
3832,301136,11.94
3833,300425,5.27
3834,600052,4.61
3835,002625,54.34
3836,605169,15.06
3837,603291,11.85
3838,601686,5.93
3839,000059,5.27
3840,000589,4.61
3841,002682,4.61
3842,300013,3.95
3843,002700,7.23
3844,603083,93.65
3845,600886,14.33
3846,300311,5.21
3847,300579,37.3
3848,002522,5.22
3849,000710,15.05
3850,002398,5.22
3851,000701,5.88
3852,002073,8.47
3853,603066,11.71
3854,688767,39.2
3855,300822,19.46
3856,600748,3.89
3857,836433,7.12
3858,000668,9.09
3859,603729,16.86
3860,601788,20.05
3861,603666,31.83
3862,603073,16.8
3863,300471,11.02
3864,605199,9.1
3865,000917,7.8
3866,300334,7.11
3867,605168,33.14
3868,300421,15.6
3869,688238,7.77
3870,002826,20.04
3871,000890,3.88
3872,300416,18.76
3873,600624,7.11
3874,600505,13.64
3875,001268,35.01
3876,000030,5.8
3877,603220,23.84
3878,603030,2.58
3879,603378,5.79
3880,600717,5.16
3881,300422,5.15
3882,601360,11.6
3883,600758,3.85
3884,300857,100.16
3885,300665,9.58
3886,603344,26.19
3887,600406,21.75
3888,300621,8.98
3889,603110,16.0
3890,600794,4.47
3891,688710,38.99
3892,300970,14.08
3893,600609,5.12
3894,301023,44.15
3895,601999,7.01
3896,001390,25.56
3897,603178,19.23
3898,600618,10.8
3899,002403,15.2
3900,300313,8.89
3901,301179,16.54
3902,002204,6.36
3903,600880,5.07
3904,002249,8.27
3905,300576,39.99
3906,300881,34.29
3907,603077,1.91
3908,300606,22.94
3909,002877,8.92
3910,603285,24.08
3911,300177,11.37
3912,300573,67.63
3913,301231,25.2
3914,002997,41.07
3915,603060,6.93
3916,603210,21.41
3917,603860,30.95
3918,300521,25.91
3919,002523,3.79
3920,300221,9.48
3921,601908,3.79
3922,688355,18.9
3923,300291,6.25
3924,603190,23.22
3925,001288,23.75
3926,600606,1.88
3927,300129,7.54
3928,300032,5.66
3929,688699,38.76
3930,002227,13.19
3931,000722,12.53
3932,000958,6.84
3933,301515,21.83
3934,920060,37.35
3935,601166,22.41
3936,002793,5.59
3937,301558,9.37
3938,000506,9.35
3939,002819,30.58
3940,300079,6.24
3941,603233,16.86
3942,603078,19.37
3943,301168,41.05
3944,600692,8.73
3945,605005,19.31
3946,300123,6.87
3947,002010,6.24
3948,601599,3.72
3949,688152,55.0
3950,301329,21.09
3951,300928,34.6
3952,603758,15.5
3953,002361,6.79
3954,601616,3.71
3955,002144,12.29
3956,688455,16.6
3957,600271,9.23
3958,600841,6.75
3959,688166,96.47
3960,002137,8.62
3961,301328,49.1
3962,688070,61.0
3963,000889,3.66
3964,688711,27.5
3965,835985,9.8
3966,300365,6.74
3967,603637,11.59
3968,430418,34.22
3969,600403,3.67
3970,002725,14.59
3971,603273,20.02
3972,601877,27.41
3973,300666,80.99
3974,300098,6.09
3975,002903,22.45
3976,301270,39.51
3977,600816,3.03
3978,001259,25.48
3979,835640,29.1
3980,300370,3.04
3981,002124,3.03
3982,603768,12.64
3983,301068,28.45
3984,600106,7.23
3985,301265,11.5
3986,300893,30.69
3987,605066,7.87
3988,000951,18.14
3989,300608,13.26
3990,301386,23.34
3991,002105,7.18
3992,300927,29.43
3993,300668,17.43
3994,001209,18.0
3995,600643,6.0
3996,601568,4.19
3997,300478,17.97
3998,300865,32.34
3999,603070,13.81
4000,300802,21.42
4001,002656,2.38
4002,920099,29.88
4003,002248,10.11
4004,873570,42.35
4005,603365,17.18
4006,831526,32.04
4007,603227,9.47
4008,300489,45.16
4009,605111,34.93
4010,002021,2.37
4011,601886,7.72
4012,300316,30.17
4013,002373,11.26
4014,300054,31.42
4015,600000,13.63
4016,000537,8.9
4017,300795,15.99
4018,000567,6.46
4019,300640,6.47
4020,300929,10.61
4021,872190,32.46
4022,688098,12.38
4023,603519,12.99
4024,831195,20.07
4025,603000,21.84
4026,600171,38.29
4027,688387,7.08
4028,300292,5.3
4029,002406,8.24
4030,002890,14.64
4031,603703,10.55
4032,300575,6.42
4033,002183,4.67
4034,002729,15.18
4035,002777,19.91
4036,300719,18.12
4037,603629,25.18
4038,688173,15.83
4039,605183,19.92
4040,601162,5.84
4041,301099,39.6
4042,000020,13.94
4043,688253,31.33
4044,002316,5.83
4045,600640,12.8
4046,603311,11.08
4047,835857,7.5
4048,301190,25.99
4049,300787,15.03
4050,301182,38.05
4051,002614,6.94
4052,688085,22.6
4053,002972,12.72
4054,300017,12.16
4055,600361,4.6
4056,002363,8.03
4057,000948,19.59
4058,300768,19.02
4059,600999,18.98
4060,300147,11.5
4061,003029,27.67
4062,002365,18.27
4063,688737,23.48
4064,600919,10.83
4065,300899,26.36
4066,603333,7.99
4067,688800,76.72
4068,603393,29.76
4069,001278,17.67
4070,000526,48.13
4071,002224,4.58
4072,002026,13.68
4073,300239,5.71
4074,301585,34.22
4075,301535,21.15
4076,002927,15.32
4077,000938,27.9
4078,300137,6.8
4079,002687,4.54
4080,600099,10.81
4081,002470,1.7
4082,002790,7.37
4083,605555,17.59
4084,002334,9.66
4085,002526,3.97
4086,301337,30.05
4087,300760,242.79
4088,600580,33.3
4089,300655,11.85
4090,300915,25.93
4091,002742,4.52
4092,688352,12.4
4093,300800,11.84
4094,301595,41.89
4095,603956,6.77
4096,002268,19.12
4097,601059,19.65
4098,002599,8.99
4099,301305,19.65
4100,600162,1.68
4101,002708,12.34
4102,300947,21.33
4103,600633,15.12
4104,000069,2.25
4105,601117,7.86
4106,301555,31.22
4107,003013,15.61
4108,300369,8.36
4109,600094,3.34
4110,600710,10.58
4111,600895,37.99
4112,301139,19.54
4113,600666,3.91
4114,003032,6.68
4115,833454,20.11
4116,300499,32.44
4117,301011,30.12
4118,300828,16.71
4119,000632,3.89
4120,605287,16.05
4121,002520,6.66
4122,300538,16.63
4123,002995,18.91
4124,603063,37.11
4125,300662,32.77
4126,002187,6.66
4127,600602,23.2
4128,000682,11.61
4129,600159,2.76
4130,301005,47.88
4131,600307,1.66
4132,300027,2.76
4133,603125,17.7
4134,300854,19.84
4135,301379,26.55
4136,300667,16.55
4137,001965,10.41
4138,603122,6.6
4139,603116,6.05
4140,002577,22.0
4141,002552,15.87
4142,301369,73.66
4143,000820,2.74
4144,002191,4.39
4145,301557,73.16
4146,002339,8.25
4147,688523,26.82
4148,300658,6.6
4149,300203,20.78
4150,301095,90.63
4151,603121,16.92
4152,300266,2.71
4153,002791,22.19
4154,600203,14.65
4155,688516,40.6
4156,002474,7.05
4157,688081,27.6
4158,300824,13.01
4159,000813,3.8
4160,301066,15.17
4161,600751,4.34
4162,300428,21.21
4163,688226,38.83
4164,601818,3.78
4165,838924,28.13
4166,002542,3.78
4167,001366,12.39
4168,300786,15.67
4169,301287,40.74
4170,000048,16.13
4171,601611,9.11
4172,300445,18.73
4173,301132,39.06
4174,002188,5.35
4175,300030,8.04
4176,301525,92.98
4177,002872,4.83
4178,600704,5.89
4179,603500,11.25
4180,002617,8.01
4181,301598,64.44
4182,002132,3.73
4183,002291,6.41
4184,300288,15.47
4185,301275,57.0
4186,002457,11.73
4187,688003,58.88
4188,301216,17.0
4189,300326,5.82
4190,605056,14.36
4191,002252,6.88
4192,300523,23.86
4193,301387,44.05
4194,002456,13.25
4195,603223,9.56
4196,300197,2.11
4197,002199,10.53
4198,300265,10.01
4199,002809,12.13
4200,000558,6.3
4201,300210,11.0
4202,300629,23.15
4203,601006,6.31
4204,000157,7.35
4205,002999,6.81
4206,002855,19.42
4207,300264,6.29
4208,000637,4.17
4209,688793,32.36
4210,300996,18.28
4211,300350,6.25
4212,300477,2.09
4213,300412,5.22
4214,688179,13.57
4215,002331,8.34
4216,601328,7.27
4217,301042,39.52
4218,600981,3.12
4219,300659,16.12
4220,300623,34.69
4221,000876,9.88
4222,688568,46.98
4223,600228,4.64
4224,300120,9.31
4225,605086,27.3
4226,603776,20.11
4227,301067,35.66
4228,301567,42.8
4229,600026,10.35
4230,300757,262.85
4231,001308,24.7
4232,300641,24.18
4233,600018,5.64
4234,300169,7.72
4235,688403,13.85
4236,002878,18.47
4237,600818,11.32
4238,000980,2.57
4239,002029,7.18
4240,002586,3.59
4241,002584,8.68
4242,600016,4.6
4243,002449,9.71
4244,600998,5.12
4245,002445,2.55
4246,603193,29.7
4247,600446,22.0
4248,300021,5.11
4249,301169,49.13
4250,002400,8.18
4251,600620,6.13
4252,002347,7.15
4253,688758,19.37
4254,688511,23.91
4255,600115,4.07
4256,301566,18.8
4257,300317,4.06
4258,600509,6.61
4259,300808,30.03
4260,600654,3.56
4261,300766,44.23
4262,000532,15.75
4263,002498,3.56
4264,600683,4.07
4265,300622,36.04
4266,601216,5.59
4267,000415,3.53
4268,300479,21.78
4269,002036,11.6
4270,001896,5.55
4271,688305,61.8
4272,300235,12.11
4273,600015,7.57
4274,300556,21.13
4275,300826,17.63
4276,002512,4.03
4277,000785,3.02
4278,300687,29.64
4279,300355,4.53
4280,300513,9.07
4281,301330,35.15
4282,002607,3.02
4283,601086,12.57
4284,688167,129.97
4285,301611,58.41
4286,002351,14.0
4287,301106,31.58
4288,838670,18.97
4289,301208,46.49
4290,603211,19.99
4291,300730,19.99
4292,601169,6.0
4293,600869,6.97
4294,000514,5.47
4295,002540,6.48
4296,002184,13.91
4297,300637,14.46
4298,002119,17.42
4299,600579,8.95
4300,600337,1.98
4301,300112,8.91
4302,002535,3.97
4303,300887,8.4
4304,002045,17.35
4305,300647,7.41
4306,300935,24.73
4307,688439,59.8
4308,002762,6.42
4309,601669,5.92
4310,300081,5.41
4311,605136,9.83
4312,603823,14.74
4313,600067,2.95
4314,002930,11.78
4315,300284,9.33
4316,301083,16.64
4317,300062,5.38
4318,600215,7.35
4319,002356,3.43
4320,300588,19.1
4321,603268,53.53
4322,600061,8.34
4323,600560,17.12
4324,300553,41.26
4325,688459,10.72
4326,300884,13.66
4327,688270,80.25
4328,603206,18.01
4329,600653,1.95
4330,600370,1.95
4331,600718,10.71
4332,300099,7.31
4333,002628,4.87
4334,300849,12.62
4335,300572,25.68
4336,300340,15.05
4337,300520,26.21
4338,688138,32.0
4339,300843,63.59
4340,300961,18.88
4341,300632,13.07
4342,603297,105.8
4343,301468,25.1
4344,600556,5.3
4345,831167,29.39
4346,300542,23.15
4347,002117,12.55
4348,603283,40.09
4349,300735,30.92
4350,920007,79.64
4351,600232,6.71
4352,600778,6.72
4353,600498,27.43
4354,600674,14.89
4355,601799,121.08
4356,688432,12.5
4357,600697,12.46
4358,430564,26.43
4359,600365,3.35
4360,002112,13.41
4361,300141,9.06
4362,300386,20.03
4363,603228,63.89
4364,300975,12.84
4365,002899,21.43
4366,300110,3.33
4367,300341,17.6
4368,300052,11.4
4369,301105,36.63
4370,002551,4.28
4371,002005,2.36
4372,688246,33.15
4373,301382,37.36
4374,300303,6.63
4375,002093,12.78
4376,688356,89.0
4377,000766,23.7
4378,600641,15.59
4379,300170,19.9
4380,300306,13.26
4381,002885,15.65
4382,600268,10.38
4383,300165,4.7
4384,300218,24.97
4385,603330,7.54
4386,688126,20.74
4387,688449,50.28
4388,688549,8.89
4389,000967,7.01
4390,002066,13.09
4391,002148,10.77
4392,603578,13.09
4393,002798,6.55
4394,600400,2.34
4395,600396,3.28
4396,300978,11.25
4397,300959,45.62
4398,002360,5.14
4399,300869,17.25
4400,688207,17.73
4401,300435,18.19
4402,300148,5.13
4403,300483,11.67
4404,301135,29.89
4405,603229,11.18
4406,301003,35.77
4407,002613,4.17
4408,002949,13.45
4409,603922,24.18
4410,688269,38.88
4411,603267,58.98
4412,002264,6.95
4413,000679,9.68
4414,605018,11.98
4415,301616,55.01
4416,000518,2.31
4417,002095,21.58
4418,300447,15.59
4419,688508,71.25
4420,688115,59.39
4421,300663,19.74
4422,600131,17.92
4423,600120,6.44
4424,301153,26.64
4425,300061,12.87
4426,688030,21.18
4427,600875,19.78
4428,600621,17.95
4429,601798,9.67
4430,600390,6.43
4431,301001,31.25
4432,300525,15.61
4433,002102,4.12
4434,000712,15.08
4435,002134,21.92
4436,300346,36.17
4437,688078,32.9
4438,834058,35.21
4439,603320,19.64
4440,002395,18.78
4441,301002,31.97
4442,603598,17.4
4443,603676,12.33
4444,600756,15.94
4445,688272,27.3
4446,300283,7.29
4447,002745,9.11
4448,300018,8.64
4449,000571,4.54
4450,301161,35.73
4451,000530,6.34
4452,002967,21.28
4453,300698,47.5
4454,300626,10.88
4455,832876,33.48
4456,000557,5.41
4457,688605,64.12
4458,688786,26.58
4459,300078,3.61
4460,603933,16.69
4461,603108,17.57
4462,603880,6.31
4463,603088,9.94
4464,301618,61.0
4465,430198,11.2
4466,300345,8.07
4467,300279,8.07
4468,301218,22.45
4469,603106,11.66
4470,301377,75.4
4471,300451,5.39
4472,301049,21.93
4473,300307,7.61
4474,301256,10.74
4475,301273,27.19
4476,300634,29.41
4477,002876,26.76
4478,001387,13.82
4479,600037,8.9
4480,603327,10.22
4481,600845,25.32
4482,688052,187.0
4483,300375,5.34
4484,605358,26.66
4485,600126,10.22
4486,600460,32.47
4487,601996,2.22
4488,002122,4.0
4489,301026,30.2
4490,300624,78.68
4491,002362,24.8
4492,301198,11.08
4493,300302,16.34
4494,300281,7.96
4495,605069,10.63
4496,301596,91.21
4497,600360,8.84
4498,688385,63.67
4499,603677,19.95
4500,600198,9.31
4501,301086,63.5
4502,002817,7.48
4503,002063,6.62
4504,301519,13.63
4505,301516,18.02
4506,301025,10.57
4507,300649,16.72
4508,300779,214.55
4509,600540,4.83
4510,300005,9.2
4511,300433,31.11
4512,600979,5.26
4513,300269,5.26
4514,300535,20.13
4515,600452,10.09
4516,300205,4.82
4517,300550,13.98
4518,600455,26.6
4519,300464,5.67
4520,600962,22.55
4521,301388,31.31
4522,002987,24.73
4523,600408,2.17
4524,873305,62.11
4525,300466,10.0
4526,600491,3.47
4527,301173,50.44
4528,600561,6.93
4529,002820,12.96
4530,688381,25.97
4531,300319,13.0
4532,601016,3.03
4533,300377,25.98
4534,001314,54.58
4535,688183,77.8
4536,300103,7.78
4537,003042,16.79
4538,300776,77.08
4539,688255,36.09
4540,300782,82.79
4541,301622,90.28
4542,002279,7.32
4543,301007,48.35
4544,600265,21.4
4545,300220,16.75
4546,002376,8.09
4547,603738,15.77
4548,002098,9.38
4549,430685,16.61
4550,603001,8.98
4551,600262,22.98
4552,688697,14.9
4553,300911,55.3
4554,688618,27.56
4555,000503,10.6
4556,002354,7.63
4557,688391,31.36
4558,300543,11.85
4559,300348,16.9
4560,605599,13.95
4561,600520,30.4
4562,002952,20.65
4563,688370,27.77
4564,300721,14.32
4565,002049,81.57
4566,300315,5.87
4567,300679,50.79
4568,600449,13.84
4569,300327,27.09
4570,603533,21.68
4571,833030,30.45
4572,688349,28.44
4573,301345,180.97
4574,300224,19.14
4575,600800,4.16
4576,688739,27.9
4577,603803,9.15
4578,000036,4.16
4579,300708,9.16
4580,836699,55.22
4581,300058,7.03
4582,003041,24.42
4583,300275,14.49
4584,603690,26.89
4585,301586,53.68
4586,300031,26.11
4587,688018,217.61
4588,688488,17.36
4589,002635,14.88
4590,603356,12.84
4591,000544,8.67
4592,002238,8.68
4593,600604,5.77
4594,301028,14.03
4595,002518,37.0
4596,002405,9.46
4597,002898,14.84
4598,600500,4.51
4599,603205,31.22
4600,300134,13.52
4601,605188,18.05
4602,301197,18.87
4603,603335,4.92
4604,603709,13.54
4605,300560,13.89
4606,002652,3.68
4607,872392,38.46
4608,000931,5.31
4609,300184,11.86
4610,603458,8.98
4611,600644,12.23
4612,688393,29.72
4613,002966,8.12
4614,301010,19.1
4615,300921,25.24
4616,300916,43.13
4617,603617,8.54
4618,300967,24.4
4619,002963,12.61
4620,002454,8.93
4621,601083,12.17
4622,002640,5.66
4623,603375,41.79
4624,300942,12.17
4625,300040,7.3
4626,600137,19.07
4627,300500,13.78
4628,300096,5.66
4629,300167,6.89
4630,002712,5.65
4631,600590,11.27
4632,300270,8.07
4633,300198,2.42
4634,688135,23.8
4635,605189,14.13
4636,300552,28.9
4637,002491,5.61
4638,600968,3.99
4639,688530,18.43
4640,603272,17.98
4641,300677,36.73
4642,600986,9.6
4643,300657,34.72
4644,300804,41.55
4645,300050,6.39
4646,688398,23.22
4647,301348,21.52
4648,002496,1.59
4649,603366,11.16
4650,002152,14.33
4651,300384,17.86
4652,300025,7.14
4653,002706,11.52
4654,600610,13.07
4655,603085,11.09
4656,300855,29.2
4657,301359,21.3
4658,835179,37.05
4659,300812,24.86
4660,301236,59.92
4661,300385,5.13
4662,600725,3.56
4663,603630,24.52
4664,603466,10.6
4665,300209,5.11
4666,002757,19.69
4667,000681,21.6
4668,300912,14.52
4669,002396,33.07
4670,300212,23.61
4671,688358,31.32
4672,000615,3.13
4673,605365,15.67
4674,688326,117.59
4675,688259,44.73
4676,000826,1.95
4677,688025,133.05
4678,603390,13.65
4679,300420,4.28
4680,300661,77.77
4681,002587,6.6
4682,300200,10.48
4683,300603,11.67
4684,300943,17.07
4685,002439,17.04
4686,002055,8.13
4687,603535,12.0
4688,603871,12.0
4689,601619,3.87
4690,301093,33.92
4691,002636,14.23
4692,301297,43.15
4693,688593,18.41
4694,601068,4.99
4695,603021,4.61
4696,600831,4.6
4697,603858,19.51
4698,688055,4.2
4699,300615,14.9
4700,688671,21.74
4701,600207,4.97
4702,301339,17.53
4703,300834,23.62
4704,600237,7.98
4705,002536,27.04
4706,300868,31.64
4707,688565,10.26
4708,688175,20.91
4709,300604,59.75
4710,600715,2.66
4711,831641,19.01
4712,000066,17.89
4713,688268,57.47
4714,002918,12.89
4715,603176,6.44
4716,000965,4.55
4717,301446,28.28
4718,002534,13.95
4719,002080,36.24
4720,300831,15.13
4721,300998,26.4
4722,688719,45.96
4723,300155,4.88
4724,300654,10.52
4725,603496,30.03
4726,300838,13.92
4727,300426,10.14
4728,002654,12.72
4729,870436,20.19
4730,688528,10.83
4731,002429,5.59
4732,300047,18.31
4733,300214,7.83
4734,688408,46.87
4735,002705,16.36
4736,300612,14.85
4737,301628,98.29
4738,301098,8.93
4739,002771,17.41
4740,300746,15.54
4741,601137,25.92
4742,688450,29.6
4743,300427,6.66
4744,300223,75.18
4745,300528,17.02
4746,300234,5.93
4747,002467,6.26
4748,002662,3.69
4749,300906,30.89
4750,002090,9.9
4751,600517,5.88
4752,300443,27.16
4753,600186,6.25
4754,839493,167.51
4755,603118,13.2
4756,600996,8.41
4757,603326,8.77
4758,688296,14.29
4759,002879,17.9
4760,300564,16.43
4761,831834,14.24
4762,600581,4.35
4763,300333,14.88
4764,300809,45.72
4765,688367,18.88
4766,002453,6.14
4767,603958,17.36
4768,300241,6.16
4769,301629,165.08
4770,300846,24.61
4771,300688,34.39
4772,002811,11.58
4773,300713,18.41
4774,002919,15.86
4775,300771,13.35
4776,300461,20.9
4777,002219,2.16
4778,603991,61.71
4779,002905,9.36
4780,301276,21.96
4781,603408,11.91
4782,300456,24.05
4783,300743,19.77
4784,300067,5.39
4785,603679,16.86
4786,000880,50.19
4787,301085,63.85
4788,300437,9.29
4789,002767,20.38
4790,688588,20.71
4791,002281,68.71
4792,002358,5.34
4793,688536,165.55
4794,301226,34.15
4795,002950,9.97
4796,688234,64.5
4797,300554,23.89
4798,300075,18.11
4799,002328,6.39
4800,000536,5.67
4801,688420,25.96
4802,300565,12.8
4803,000700,9.58
4804,003033,45.05
4805,300635,13.78
4806,603557,2.48
4807,688380,32.9
4808,300152,2.82
4809,873726,39.86
4810,300231,13.06
4811,688159,68.6
4812,605180,15.48
4813,301063,26.73
4814,600179,3.51
4815,688292,23.5
4816,300707,15.07
4817,300405,5.97
4818,688507,99.27
4819,688288,31.54
4820,688277,17.87
4821,002766,5.25
4822,300168,8.05
4823,002703,12.25
4824,300252,13.95
4825,300113,26.8
4826,603061,107.9
4827,688021,18.47
4828,002529,6.63
4829,603607,27.4
4830,600035,4.16
4831,300150,5.56
4832,301325,60.33
4833,688590,24.55
4834,688501,31.78
4835,000533,7.26
4836,688728,17.25
4837,000034,44.84
4838,300344,5.51
4839,003007,36.71
4840,000759,7.91
4841,002494,4.8
4842,603171,56.41
4843,688196,47.56
4844,603031,36.59
4845,002052,17.08
4846,601872,6.49
4847,301071,30.11
4848,000617,12.68
4849,603172,16.08
4850,002355,6.15
4851,002180,24.95
4852,300614,14.68
4853,600797,11.23
4854,000905,8.85
4855,605598,25.79
4856,300903,11.53
4857,000014,14.26
4858,688721,51.78
4859,002649,15.19
4860,002661,10.08
4861,300459,5.72
4862,603400,67.15
4863,600671,19.81
4864,300304,13.37
4865,300981,14.4
4866,001373,30.49
4867,872374,31.43
4868,688060,41.51
4869,301581,58.94
4870,688396,52.4
4871,603395,38.02
4872,300211,9.98
4873,300510,4.65
4874,301228,26.91
4875,873132,22.98
4876,002888,18.96
4877,300948,10.97
4878,300858,19.21
4879,300758,15.93
4880,301396,79.77
4881,688333,79.5
4882,300029,5.95
4883,688369,30.03
4884,300749,8.59
4885,603421,6.94
4886,300071,4.95
4887,300271,8.57
4888,603181,17.1
4889,605588,55.59
4890,002131,5.26
4891,688050,77.81
4892,600637,8.86
4893,002634,4.58
4894,000877,6.53
4895,301517,47.68
4896,600755,6.2
4897,688227,36.08
4898,300691,19.83
4899,603912,10.08
4900,002803,17.93
4901,688776,82.5
4902,300880,20.17
4903,300329,13.0
4904,300448,6.82
4905,300253,10.07
4906,600012,14.59
4907,688525,70.48
4908,300057,6.15
4909,300162,7.76
4910,300053,14.85
4911,301155,76.0
4912,301395,11.63
4913,605218,24.25
4914,300737,5.16
4915,300835,65.51
4916,301046,22.21
4917,605567,10.26
4918,002676,11.25
4919,830896,20.89
4920,300248,14.45
4921,002642,8.66
4922,301176,32.75
4923,605566,26.28
4924,300720,24.68
4925,300074,5.12
4926,300301,2.23
4927,300545,36.74
4928,300185,2.87
4929,605179,23.56
4930,300383,16.15
4931,002193,5.7
4932,301041,30.68
4933,000818,25.56
4934,688120,126.0
4935,688206,35.52
4936,001256,23.0
4937,002792,18.27
4938,300097,5.67
4939,000929,8.49
4940,688182,27.7
4941,688252,29.46
4942,000801,17.89
4943,603226,23.21
4944,300188,16.91
4945,600826,11.59
4946,301016,18.49
4947,300373,68.19
4948,688509,4.68
4949,603039,62.01
4950,000590,11.84
4951,300840,21.77
4952,835207,28.29
4953,003015,19.8
4954,688077,41.46
4955,688328,26.28
4956,603636,13.63
4957,300578,20.45
4958,000070,11.76
4959,603280,43.8
4960,301233,62.93
4961,688655,23.75
4962,300683,48.72
4963,300561,17.78
4964,300897,29.42
4965,688072,190.0
4966,688232,29.9
4967,301036,36.95
4968,300894,13.73
4969,688069,22.23
4970,301141,70.26
4971,688007,21.9
4972,300289,8.23
4973,688217,29.22
4974,688693,38.24
4975,000509,3.34
4976,600770,6.06
4977,688233,36.56
4978,000757,4.84
4979,300710,20.29
4980,688209,21.18
4981,300672,97.7
4982,301308,95.46
4983,688545,33.71
4984,605337,14.13
4985,603697,14.12
4986,688589,24.53
4987,688480,44.29
4988,688662,46.91
4989,603725,10.15
4990,688729,31.35
4991,002868,26.32
4992,000062,30.18
4993,688262,29.45
4994,300449,7.73
4995,300364,30.09
4996,300458,46.84
4997,002065,11.29
4998,688249,24.28
4999,603931,28.09
5000,688316,75.13
5001,300020,3.83
5002,300678,37.7
5003,002166,7.97
5004,603218,12.92
5005,603235,27.89
5006,300504,15.57
5007,300798,8.5
5008,871981,39.0
5009,300338,4.1
5010,688489,51.88
5011,300157,4.98
5012,600526,5.27
5013,300474,85.0
5014,834475,21.61
5015,300154,8.73
5016,603986,158.98
5017,300299,6.96
5018,603038,15.91
5019,603355,23.08
5020,001339,64.79
5021,002582,10.34
5022,600877,14.65
5023,300918,22.65
5024,300582,14.56
5025,603324,26.2
5026,600303,3.71
5027,301607,36.63
5028,300540,18.78
5029,300077,27.38
5030,600211,47.16
5031,300183,18.05
5032,600639,10.71
5033,000158,25.86
5034,300242,4.48
5035,300143,10.64
5036,600726,2.52
5037,301319,29.85
5038,688399,61.71
5039,002380,28.38
5040,300656,26.93
5041,603618,6.65
5042,300145,4.98
5043,688130,25.19
5044,603388,2.21
5045,002856,10.22
5046,603615,25.72
5047,688595,41.1
5048,603196,20.14
5049,002835,18.69
5050,300895,53.07
5051,836807,21.84
5052,600603,8.45
5053,688156,22.6
5054,002909,7.08
5055,603098,13.84
5056,688496,9.77
5057,603055,9.48
5058,603798,14.36
5059,002685,8.93
5060,600219,4.06
5061,300010,8.41
5062,920489,22.48
5063,688132,19.69
5064,300738,23.51
5065,688090,35.91
5066,002959,52.46
5067,300767,22.84
5068,300076,6.45
5069,688010,32.46
5070,300780,17.93
5071,301322,32.71
5072,300004,11.5
5073,688701,8.8
5074,000595,5.33
5075,300287,6.12
5076,603216,15.15
5077,300571,34.54
5078,603898,10.89
5079,300480,18.55
5080,300494,15.1
5081,605277,25.31
5082,300359,6.08
5083,000936,7.66
5084,600601,8.68
5085,301288,14.44
5086,688313,83.01
5087,301556,107.29
5088,002178,7.3
5089,300323,9.1
5090,300987,18.62
5091,000803,6.99
5092,300994,19.4
5093,000691,6.98
5094,300748,41.0
5095,688199,27.82
5096,688981,114.76
5097,300245,17.46
5098,688133,26.15
5099,001309,94.32
5100,600284,9.22
5101,688601,43.34
5102,002104,26.21
5103,300229,23.45
5104,605198,48.93
5105,603855,21.3
5106,600839,11.42
5107,300442,58.97
5108,002012,5.8
5109,603300,10.61
5110,301317,35.0
5111,300986,12.59
5112,301205,111.08
5113,301479,102.78
5114,300153,42.7
5115,603076,27.02
5116,300793,18.75
5117,002881,56.7
5118,600234,8.72
5119,002579,13.46
5120,873693,49.87
5121,688158,27.81
5122,601133,13.17
5123,688200,173.02
5124,872895,27.28
5125,605155,14.09
5126,301486,90.63
5127,002109,3.95
5128,603042,16.25
5129,603163,38.92
5130,300260,39.53
5131,688327,17.18
5132,603052,34.06
5133,300594,17.12
5134,000665,6.35
5135,300598,55.39
5136,920066,31.39
5137,688280,9.0
5138,000815,14.83
5139,002418,4.38
5140,300671,39.07
5141,300706,42.3
5142,688609,11.6
5143,603135,10.37
5144,688365,16.9
5145,300620,96.99
5146,002611,18.8
5147,920445,13.99
5148,002364,26.8
5149,603322,42.23
5150,688153,35.15
5151,300166,11.98
5152,603726,19.56
5153,688080,57.85
5154,300803,150.05
5155,688686,143.6
5156,300227,9.93
5157,301251,56.12
5158,688362,37.08
5159,300892,37.98
5160,301269,123.0
5161,873001,24.3
5162,688757,31.25
5163,300127,34.5
5164,301511,36.59
5165,300992,28.86
5166,300305,6.28
5167,300376,5.11
5168,300936,41.11
5169,002369,11.14
5170,601919,15.28
5171,688653,13.9
5172,001388,50.77
5173,002983,22.76
5174,002225,6.2
5175,301380,43.43
5176,300938,24.78
5177,300066,8.03
5178,000063,45.44
5179,300613,53.99
5180,000016,5.71
5181,002213,17.33
5182,603367,25.46
5183,300882,18.3
5184,300182,6.1
5185,301363,24.09
5186,688092,24.91
5187,688023,59.35
5188,002158,23.91
5189,301577,60.88
5190,300689,57.12
5191,600728,7.1
5192,000004,11.31
5193,688058,31.29
5194,603019,88.5
5195,300860,29.06
5196,688178,25.8
5197,002993,49.94
5198,603863,17.98
5199,603363,4.6
5200,003012,7.18
5201,002659,5.01
5202,688620,14.12
5203,688147,42.39
5204,300249,18.27
5205,688189,14.73
5206,688181,40.75
5207,688419,29.84
5208,605289,48.21
5209,000811,13.39
5210,300605,16.39
5211,002600,15.54
5212,002593,5.55
5213,300597,9.74
5214,000032,26.67
5215,301421,85.56
5216,430139,26.15
5217,300531,21.5
5218,688053,35.04
5219,688695,31.21
5220,300913,62.65
5221,301383,39.9
5222,000719,13.02
5223,300870,267.08
5224,301239,40.78
5225,688376,48.6
5226,000851,1.03
5227,301439,16.29
5228,300322,27.26
5229,002549,15.98
5230,688107,32.14
5231,688332,121.98
5232,301165,89.3
5233,688512,13.32
5234,300638,32.46
5235,688551,42.76
5236,600421,8.03
5237,600356,9.62
5238,688171,44.1
5239,688652,74.16
5240,300366,9.36
5241,300686,12.71
5242,688400,36.67
5243,603303,15.13
5244,300533,43.45
5245,688416,44.3
5246,300380,56.94
5247,688458,46.72
5248,300042,26.93
5249,300339,65.5
5250,688244,26.34
5251,300125,7.6
5252,600807,3.11
5253,301199,28.72
5254,300830,11.83
5255,603825,9.87
5256,300493,24.01
5257,002186,13.9
5258,603101,9.67
5259,688368,103.18
5260,603161,13.48
5261,300084,8.25
5262,002843,24.56
5263,002681,7.87
5264,000628,57.62
5265,688079,12.61
5266,688047,142.6
5267,603389,25.65
5268,688012,214.17
5269,002194,15.14
5270,601609,12.24
5271,688615,175.6
5272,833509,29.13
5273,301338,66.33
5274,301392,176.65
5275,601678,4.28
5276,688041,194.52
5277,688409,69.5
5278,688709,43.51
5279,300811,73.95
5280,688766,76.01
5281,300354,43.53
5282,600200,1.09
5283,688502,450.53
5284,300250,18.1
5285,300825,11.92
5286,688498,299.0
5287,600058,10.09
5288,688585,83.0
5289,688631,87.52
5290,688682,32.4
5291,002259,4.47
5292,002120,7.99
5293,688038,15.8
5294,688798,93.96
5295,300222,13.53
5296,002468,17.41
5297,301217,33.29
5298,603601,5.96
5299,837092,42.64
5300,301320,19.9
5301,688660,24.17
5302,600463,11.81
5303,688048,80.01
5304,832149,17.13
5305,603800,47.0
5306,001330,5.18
5307,300056,15.39
5308,835305,15.9
5309,000981,2.19
5310,688165,24.71
5311,600658,6.31
5312,837821,34.29
5313,300971,24.65
5314,300237,2.78
5315,000592,3.42
5316,600744,7.81
5317,603256,42.29
5318,688045,45.39
5319,000651,42.6
5320,000010,4.43
5321,603829,17.59
5322,300324,6.43
5323,301172,24.93
5324,688256,1492.49
5325,600589,8.75
5326,002261,41.44
5327,300774,9.84
5328,002017,28.46
5329,002371,372.5
5330,300236,56.4
5331,002250,11.38
5332,688651,40.15
5333,835670,17.54
5334,300429,14.05
5335,688691,74.73
5336,300814,45.1
5337,000670,9.17
5338,002902,24.34
5339,002553,33.96
5340,300939,37.44
5341,301678,89.99
5342,301606,67.5
5343,688037,124.25
5344,603230,14.09
5345,688685,60.21
5346,002313,11.75
5347,688220,104.91
5348,688157,40.36
5349,300046,42.98
5350,688318,168.24
5351,688308,19.6
5352,688056,37.26
5353,920112,44.96
5354,000619,6.01
5355,688702,123.02
5356,301202,49.48
5357,300645,20.5
5358,832662,36.04
5359,688082,155.0
5360,688039,56.5
5361,300486,20.12
5362,300225,5.16
5363,301259,46.89
5364,600233,16.95
5365,300379,6.61
5366,001298,35.01
5367,836263,16.79
5368,837212,16.8
5369,688011,43.69
5370,603859,46.55
5371,300460,10.54
5372,300547,49.8
5373,688608,282.97
5374,603339,15.55
5375,688787,138.22
5376,603759,7.97
5377,002352,44.57
5378,002232,23.78
5379,301568,53.37
5380,301128,95.9
5381,688561,39.98
5382,603219,19.32
5383,002212,11.9
5384,301260,21.91
5385,603058,8.96
5386,688775,322.15
5387,688113,40.51
5388,002123,14.4
5389,603757,54.56
5390,002298,11.13
5391,872808,82.93
5392,688020,68.91
5393,688216,25.87
5394,300378,52.62
5395,300395,95.41
5396,603767,28.88
5397,300293,25.13
5398,300192,21.81
5399,603197,38.55
5400,600735,6.61
5401,001207,24.01
5402,002229,21.47
5403,603596,47.69
5404,605303,17.68
5405,603626,15.85
5406,600246,12.17
5407,603382,38.03
5408,002272,17.48
5409,002217,3.51
5410,603516,101.39
5411,600410,23.49
5412,603158,13.03
5413,001296,22.56
5414,301191,105.45
5415,301030,16.73
5416,300548,141.53
5417,300778,15.2
5418,688448,52.2
5419,920100,
5420,839680,
5421,833994,
5422,833874,
5423,832317,
5424,688555,
5425,688086,
5426,603996,
5427,603963,
5428,603603,
5429,603555,
5430,603370,
5431,603359,
5432,603213,
5433,603157,
5434,603133,
5435,603003,
5436,601989,
5437,601558,
5438,601299,
5439,601268,
5440,601258,
5441,601028,
5442,600991,
5443,600978,
5444,600899,
5445,600898,
5446,600896,
5447,600891,
5448,600890,
5449,600878,
5450,600870,
5451,600856,
5452,600852,
5453,600849,
5454,600842,
5455,600840,
5456,600837,
5457,600836,
5458,600832,
5459,600823,
5460,600813,
5461,600811,
5462,600806,
5463,600804,
5464,600799,
5465,600788,
5466,600786,
5467,600781,
5468,600772,
5469,600767,
5470,600766,
5471,600762,
5472,600752,
5473,600747,
5474,600723,
5475,600709,
5476,600705,
5477,600701,
5478,600700,
5479,600695,
5480,600687,
5481,600680,
5482,600677,
5483,600672,
5484,600670,
5485,600669,
5486,600659,
5487,600656,
5488,600652,
5489,600647,
5490,600646,
5491,600634,
5492,600632,
5493,600631,
5494,600627,
5495,600625,
5496,600614,
5497,600607,
5498,600591,
5499,600565,
5500,600555,
5501,600553,
5502,600532,
5503,600485,
5504,600472,
5505,600466,
5506,600462,
5507,600432,
5508,600401,
5509,600393,
5510,600387,
5511,600385,
5512,600357,
5513,600321,
5514,600317,
5515,600311,
5516,600306,
5517,600297,
5518,600296,
5519,600291,
5520,600290,
5521,600286,
5522,600277,
5523,600275,
5524,600270,
5525,600263,
5526,600260,
5527,600253,
5528,600247,
5529,600242,
5530,600240,
5531,600225,
5532,600220,
5533,600213,
5534,600209,
5535,600205,
5536,600190,
5537,600181,
5538,600175,
5539,600146,
5540,600145,
5541,600139,
5542,600122,
5543,600112,
5544,600102,
5545,600093,
5546,600092,
5547,600091,
5548,600090,
5549,600087,
5550,600086,
5551,600083,
5552,600077,
5553,600074,
5554,600070,
5555,600069,
5556,600068,
5557,600065,
5558,600005,
5559,600003,
5560,600002,
5561,600001,
5562,301668,
5563,301575,
5564,301040,
5565,300799,
5566,300742,
5567,300630,
5568,300526,
5569,300495,
5570,300431,
5571,300392,
5572,300372,
5573,300367,
5574,300362,
5575,300356,
5576,300336,
5577,300330,
5578,300325,
5579,300312,
5580,300309,
5581,300297,
5582,300282,
5583,300280,
5584,300273,
5585,300262,
5586,300216,
5587,300208,
5588,300202,
5589,300186,
5590,300178,
5591,300156,
5592,300117,
5593,300116,
5594,300108,
5595,300104,
5596,300090,
5597,300089,
5598,300064,
5599,300038,
5600,300028,
5601,300023,
5602,002781,
5603,002776,
5604,002770,
5605,002751,
5606,002750,
5607,002740,
5608,002711,
5609,002699,
5610,002684,
5611,002680,
5612,002665,
5613,002633,
5614,002621,
5615,002619,
5616,002618,
5617,002610,
5618,002604,
5619,002509,
5620,002505,
5621,002504,
5622,002503,
5623,002502,
5624,002499,
5625,002477,
5626,002473,
5627,002464,
5628,002450,
5629,002447,
5630,002435,
5631,002433,
5632,002417,
5633,002411,
5634,002359,
5635,002341,
5636,002336,
5637,002325,
5638,002308,
5639,002288,
5640,002280,
5641,002260,
5642,002220,
5643,002147,
5644,002143,
5645,002118,
5646,002113,
5647,002089,
5648,002087,
5649,002071,
5650,002070,
5651,002018,
5652,002013,
5653,002002,
5654,000996,
5655,000982,
5656,000979,
5657,000976,
5658,000971,
5659,000961,
5660,000956,
5661,000939,
5662,000918,
5663,000916,
5664,000866,
5665,000861,
5666,000836,
5667,000835,
5668,000832,
5669,000827,
5670,000817,
5671,000806,
5672,000805,
5673,000787,
5674,000780,
5675,000769,
5676,000765,
5677,000763,
5678,000760,
5679,000748,
5680,000732,
5681,000730,
5682,000699,
5683,000693,
5684,000689,
5685,000687,
5686,000675,
5687,000673,
5688,000671,
5689,000667,
5690,000666,
5691,000662,
5692,000660,
5693,000658,
5694,000653,
5695,000627,
5696,000622,
5697,000621,
5698,000618,
5699,000616,
5700,000613,
5701,000611,
5702,000606,
5703,000602,
5704,000594,
5705,000588,
5706,000587,
5707,000585,
5708,000584,
5709,000583,
5710,000578,
5711,000569,
5712,000562,
5713,000556,
5714,000549,
5715,000542,
5716,000540,
5717,000535,
5718,000527,
5719,000522,
5720,000515,
5721,000511,
5722,000508,
5723,000502,
5724,000418,
5725,000416,
5726,000413,
5727,000412,
5728,000406,
5729,000405,
5730,000150,
5731,000047,
5732,000046,
5733,000040,
5734,000038,
5735,000033,
5736,000024,
5737,000023,
5738,000018,
5739,000015,
5740,000013,
5741,000005,
5742,000003,
